mol_id,smiles
TOX6619,O=S(=O)(Cl)c1ccccc1
TOX6612,CC(C)COC(=O)C(C)C
TOX6615,C=C(C)C(=O)OCCOC(=O)C(=C)C
TOX1883,C#CCO
TOX1885,CC(O)CC(C)(C)O
TOX1886,CC(C)(C)CC(C)(C)N
TOX1889,CC(=O)CC(C)C
TOX1888,CCCC(C)=O
TOX161,c1ccc(-c2ccccc2)cc1
TOX22188,CCCCNC(=O)NCCCC
TOX22189,CC(C)N(c1ccccc1)C(C)C
TOX7876,CCc1cccc(C)c1
TOX4112,CS(=O)(=O)NC(=O)c1cc(Oc2ccc(C(F)(F)F)cc2Cl)ccc1[N+](=O)[O-]
TOX27698,CC/C=C\CCCCO
TOX10138,CC(=O)CCC(C)=O
TOX21464,N#CCCNCCC#N
TOX27071,Cc1ccccc1CCO
TOX27070,Cc1nc(C)c(C)nc1C
TOX27072,CC1=CC(O)CC(C)(C)C1
TOX27075,Cc1cnc(C)c(C)n1
TOX19719,O=[N+]([O-])[O-].O=[N+]([O-])[O-].[Ca+2]
TOX24911,CC(C)CCCCCOC(=O)CCS
TOX956,O=[N+]([O-])c1cc([As](=O)(O)O)ccc1O
TOX9733,CC(C)[C@H]1CC[C@H](C)C[C@@H]1O
TOX2968,Cn1c(=O)c2c(ncn2CC2OCCO2)n(C)c1=O
TOX2617,COC(=O)C1=CCCN(C)C1
TOX5642,Cc1ccc(C(=O)O)cc1[N+](=O)[O-]
TOX5641,Cc1cc(C(=O)O)ccc1[N+](=O)[O-]
TOX27158,CCCCCC(C)O
TOX1709,NC(=O)c1ccccc1
TOX9559,O=C1C(N(CO)C(=O)NCO)N(CO)C(=O)N1CO
TOX25753,CC(C)NC[C@@H](O)COc1ccc(CC(N)=O)cc1
TOX14836,[I-].[K+]
TOX4786,O=C(C=Cc1ccc(O)c(O)c1)O[C@@H]1C[C@](O)(C(=O)O)C[C@@H](O)[C@H]1O
TOX25533,CCN(CC)CCOC(=O)C(Cc1cccc2ccccc12)CC1CCCO1
TOX25530,CCN[C@H]1C[C@H](C)S(=O)(=O)c2sc(S(N)(=O)=O)cc21
TOX25531,CCN[C@H]1CN(CCCOC)S(=O)(=O)c2sc(S(N)(=O)=O)cc21
TOX25536,CC(C)N(CCC(C(N)=O)(c1ccccc1)c1ccccn1)C(C)C
TOX3568,CN(C)[C@@H]1C(O)=C(C(=O)NCN2CCCC2)C(=O)[C@@]2(O)C(O)=C3C(=O)c4c(O)cccc4[C@@](C)(O)C3C[C@@H]12
TOX7019,CCCCCCCCCCCCCC(=O)OC
TOX7014,CCCCCCC(C)O
TOX22494,CCC[Si](OC)(OC)OC
TOX27088,CC1=C(CC=O)C(C)(C)CCC1
TOX4931,CCCCCNCCCCC
TOX4286,CC1CN1
TOX4287,CCc1cnc(C2=NC(C)(C(C)C)C(=O)N2)c(C(=O)O)c1
TOX179,CC(O)CNCC(C)O
TOX21530,CCCCC(CC)CCC(CC(C)C)OS(=O)(=O)[O-]
TOX6867,O=C(O)CCCCCCCCC(=O)O
TOX6864,CCCCCCCC(=O)OC
TOX6863,CC(O)COCC(C)O
TOX22379,CO[Si](C)(C)OC
TOX4704,Cc1ccc(C(C)(C)C)cc1
TOX1557,BrCBr
TOX10307,Nc1cc(Cl)cc(Cl)c1
TOX27484,O.O.O.O.O.O.O=[N+]([O-])[O-].O=[N+]([O-])[O-].[Mg+2]
TOX7244,CCC(Cl)CCl
TOX24613,N#CC1(N=NC2(C#N)CCCCC2)CCCCC1
TOX24618,COc1cccc(Br)c1
TOX24619,CCCCCCCCNC
TOX21880,Cc1cc(OC(=O)N(C)C)nn1C(=O)N(C)C
TOX7312,CC(O)COc1ccccc1
TOX760,O=P1(NCCCl)OCCCN1CCCl
TOX767,CC=Cc1ccc2c(c1)OCO2
TOX21085,CC1COc2c(N3CCN(C)CC3)c(F)cc3c(=O)c(C(=O)O)cn1c23
TOX21080,CCN(Cc1ccc(Cl)nc1)/C(=C/[N+](=O)[O-])NC
TOX27873,OC[C@]1(O)OC[C@@H](O)[C@H](O)[C@@H]1O
TOX27875,CC(C)C[P+](C)(CC(C)C)CC(C)C
TOX27874,C=C1C[C@]23CC[C@@H]4[C@](C)(C(=O)O[C@@H]5O[C@H](CO)[C@@H](O)[C@H](O)[C@H]5O)CCC[C@]4(C)[C@@H]2C[C@@H](O[C@@H]2O[C@H](CO)[C@@H](O)[C@H](O[C@@H]4O[C@H](CO)[C@@H](O)[C@H](O)[C@H]4O)[C@H]2OC2O[C@H](CO)[C@@H](O)[C@H](O)[C@H]2O)[C@@H]1C3
TOX5074,O=C(O)c1ccc(O)cc1O
TOX5079,CC(C)CNCC(C)C
TOX3041,NC(=O)OCC(COC(N)=O)c1ccccc1
TOX12412,COC(=O)c1ccc(C)cc1C1=NC(=O)C(C)(C(C)C)N1
TOX545,NC(=S)NNC(N)=S
TOX540,O=C(Oc1ccccc1)Oc1ccccc1
TOX818,CN(C)CCN(Cc1cccs1)c1ccccn1
TOX26503,CC(=O)[C@H]1CC[C@H]2[C@@H]3CC[C@H]4C[C@](C)(O)CC[C@]4(C)[C@H]3CC[C@]12C
TOX26506,NC(=O)c1cn(Cc2c(F)cccc2F)nn1
TOX22613,CCN1CCCC1CNC(=O)c1cc(S(=O)(=O)CC)c(N)cc1OC
TOX29331,CC[N+]1(C)CCCC1.O=S(=O)([O-])C(F)(F)F
TOX14816,CNC(=O)/C=C(\C)OP(=O)(OC)OC
TOX27670,CC=CC(=O)CC
TOX27677,CC1OCCC1=O
TOX27675,CC1CCCC(=O)C1=O
TOX27678,c1cnc2c(n1)CCCC2
TOX21703,CCCCc1ccc2cccc(S(=O)(=O)[O-])c2c1
TOX2800,NS(=O)(=O)c1cc2c(cc1Cl)N=CNS2(=O)=O
TOX9710,O=P(Cl)(Cl)Cl
TOX5668,COC(=O)c1ccc(C)cc1
TOX5665,Cc1c[nH]c(=S)[nH]c1=O
TOX2944,COc1ccc2cc1Oc1cc3c(cc1OC)CC[N+](C)(C)[C@H]3Cc1ccc(cc1)Oc1c(OC)c(OC)cc3c1[C@@H](C2)[N+](C)(C)CC3
TOX9575,C=COCC1CCC(CO)CC1
TOX1769,CC(=O)/C=C/C1=C(C)CCCC1(C)C
TOX25888,CC(=O)NC1CCSC1=O
TOX1764,CC(O)CN
TOX617,C=CCc1ccc(O)c(OC)c1
TOX20540,COC(=O)[C@@H](N)CCCN/C(N)=N/[N+](=O)[O-]
TOX28901,C[C@H](N[C@H](CCc1ccccc1)C(=O)O)C(=O)N1CCC[C@H]1C(=O)O
TOX24289,CN(C)CCc1c[nH]c2ccc(CS(=O)(=O)N3CCCC3)cc12
TOX24931,C=C(C)C(=O)OCCNC(C)(C)C
TOX24930,NS(=O)(=O)c1ccccc1OC(F)(F)F
TOX24933,O=C=NCC1CCCC(CN=C=O)C1
TOX25089,NS(=O)(=O)c1ccc(C(=O)O)cc1
TOX3541,Cc1ncc(CO)c(CO)c1O
TOX7037,O=S1(=O)CCCC1
TOX3722,O=[N+]([O-])OCCN(CCO[N+](=O)[O-])CCO[N+](=O)[O-]
TOX3723,NC(CO)(CO)CO
TOX3727,COc1cc2c3cc1Oc1cc(ccc1O)C[C@@H]1c4c(cc(OC)c(O)c4Oc4ccc(cc4)C[C@@H]3N(C)CC2)CC[N+]1(C)C
TOX3724,O=C(O[C@@H]1C[C@@H]2CC[C@H](C1)[N+]21CCCC1)C(O)(c1ccccc1)c1ccccc1
TOX3725,COc1cc(C(=O)NC2CCCNC2)cc(OC)c1OC
TOX24423,C[N+](C)=CCl
TOX24421,CC(=O)c1cccnc1
TOX24427,O=CN1CCOCC1
TOX24425,COC(=O)CCC(=O)O
TOX24424,NCc1cccnc1
TOX29367,c1ccc2cnncc2c1
TOX13402,O=P(O)(OCc1ccccc1)OCc1ccccc1
TOX153,ClCc1ccccc1
TOX152,OCc1ccccc1
TOX151,CC(=O)OCc1ccccc1
TOX17248,COCCc1ccc(OCC(O)CNC(C)C)cc1.COCCc1ccc(OCC(O)CNC(C)C)cc1
TOX21550,CC(C)=CCC[C@H](C)CCO
TOX6802,CC(C)CC(O)CC(C)C
TOX24916,C=C(C)C(=O)OCCOP(=O)(O)OCCOC(=O)C(=C)C
TOX11492,C=C(C)OC(C)=O
TOX26263,Cc1cc(O)cc2c1O[C@](C)(CCC[C@H](C)CCC[C@H](C)CCCC(C)C)CC2
TOX26260,O=C1CC[C@@H](C(=O)O)N1
TOX27243,CC1(C)[C@@H](O[C@H]2O[C@H](C(=O)O)[C@@H](O)[C@H](O)[C@H]2O[C@@H]2O[C@H](C(=O)[O-])[C@@H](O)[C@H](O)[C@H]2O)CC[C@@]2(C)[C@H]1CC[C@]1(C)[C@@H]2C(=O)C=C2[C@@H]3C[C@@](C)(C(=O)O)CC[C@]3(C)CC[C@]21C
TOX27241,O=C1NC(=O)C(=O)C(=O)N1
TOX27244,OCCCC1CCCCC1
TOX1232,O=S(=O)([O-])c1ccc2c(/N=N\c3ccc(S(=O)(=O)[O-])c4ccccc34)c(O)c(S(=O)(=O)[O-])cc2c1
TOX20731,CC(C)OC(=O)c1ccccc1C(=O)OC(C)C
TOX20735,C1CCC2(CCCCO2)OC1
TOX20739,C[C@H]1O[C@H](O[C@@H]2[C@@H](O)[C@@H](O)[C@H](O)[C@H](O)[C@H]2O)[C@@H](N)C[C@@H]1NC(=N)C(=O)O
TOX4097,CCCCOCCO
TOX4091,CCCN(CCC)C(=O)SCC
TOX22394,O=S(=O)([O-])c1cccc2ccccc12
TOX6059,N#CCCC#N
TOX892,Cc1ncc([N+](=O)[O-])n1CCO
TOX25543,C[N+]1(C)[C@H]2CC[C@@H]1C[C@H](OC(=O)C(CO)c1ccccc1)C2
TOX1575,CC(Cl)(Cl)C(=O)O
TOX1576,CC(=O)C(Cl)Cl
TOX24633,CC1Cc2ccccc2N1NC(=O)c1ccc(Cl)c(S(N)(=O)=O)c1
TOX24638,CCO[Si](C)(CCCOCC1CO1)OCC
TOX28732,CCNC(=O)NCCCOc1cccc(CN2CCCCC2)c1
TOX28731,CC(=O)SCC(CC(=O)c1ccc(C)cc1)C(=O)O
TOX28736,CC(C)(C)NC[C@H](O)c1ccc(O)cc1Cl
TOX27818,CCN(C)C(=O)Oc1cccc([C@H](C)N(C)C)c1
TOX5640,Cc1cccc(C(=O)O)c1[N+](=O)[O-]
TOX27811,CCN(CC)CCOC(=O)C1(c2ccccc2)CCCC1.CCN(CC)CCOC(=O)C1(c2ccccc2)CCCC1.O=S(=O)(O)CCS(=O)(=O)O
TOX4810,Clc1ccccn1
TOX6240,CCC(=O)/C=C/C1C(C)=CCCC1(C)C
TOX2008,CCCCCCCCCO
TOX2009,CCCCCCNCCCCCC
TOX2004,ClCCCCl
TOX2006,CCCCCCOC(C)=O
TOX32,NC(=O)CCCCC(N)=O
TOX39,CNC(=O)ON=CC(C)(C)SC
TOX18926,O=C(OCc1ccccc1)C(=O)OCc1ccccc1
TOX25300,CCCCN(CCCC)CCCOC(=O)c1ccc(N)cc1
TOX12129,CC(C)(c1cc(Br)c(OCC(Br)CBr)c(Br)c1)c1cc(Br)c(OCC(Br)CBr)c(Br)c1
TOX6652,CC(C)c1ccc(C(C)C)cc1
TOX833,COC(C)(C)C
TOX834,COC(N)=O
TOX26073,O=C(O)CNC(=O)c1ccccc1
TOX29098,CC(C)(C)OC(=O)N1C[C@@H](F)C[C@H]1C(=O)O
TOX4873,Oc1nc(O)nc(O)n1
TOX4878,N#CC1(O)CCCCC1
TOX3064,CCOC(=O)c1ncn2c1CN(C)C(=O)c1cc(F)ccc1-2
TOX7528,CSCCC=O
TOX7529,CC(C)(C)C(=O)Cl
TOX7832,CCCCC(CC)COC(=O)Cl
TOX7525,CCCCC(CC)C(=O)[O-]
TOX7520,COCN(COC)c1nc(N(COC)COC)nc(N(COC)COC)n1
TOX7521,O=Cc1cccc(Br)c1
TOX7835,C/C=C/C=C/C(=O)[O-]
TOX27659,CCCCCC=CCC(=O)OC
TOX27651,CCCCCCCCC(=O)OCC
TOX27654,CCCCCCCCCCCCCC(=O)OCC
TOX27657,CCCCCCC(O)CCOC(C)=O
TOX27656,C=CCCCCCCCCO
TOX26388,Nc1nc(N)c(-c2ccccc2)s1
TOX27039,CCNC(=O)C1CC(C)CCC1C(C)C
TOX27038,CCc1ccc(O)c(OC)c1
TOX27037,CS(=O)(=O)c1ccc(C(=O)C2C(=O)CCCC2=O)c(Cl)c1COCC(F)(F)F
TOX27033,OC[C@H]1O[C@@H]2O[C@@H]3[C@@H](CO)O[C@H](O[C@@H]4[C@@H](CO)O[C@H](O[C@@H]5[C@@H](CO)O[C@H](O[C@@H]6[C@@H](CO)O[C@H](O[C@@H]7[C@@H](CO)O[C@H](O[C@@H]8[C@@H](CO)O[C@H](O[C@@H]9[C@@H](CO)O[C@H](O[C@H]1[C@H](O)[C@H]2O)[C@H](O)[C@H]9O)[C@H](O)[C@H]8O)[C@H](O)[C@H]7O)[C@H](O)[C@H]6O)[C@H](O)[C@H]5O)[C@H](O)[C@H]4O)[C@H](O)[C@H]3O
TOX27032,CC1=CC[C@@]23CC1C(C)(C)[C@@H]2CC[C@H]3C
TOX4674,CCCCOCCOCCSC#N
TOX27285,O=C(N[C@H]1CN2CCC1CC2)c1ccc2c(c1)OCCO2
TOX2829,CC[C@H]1OC(=O)[C@H](C)[C@@H](O[C@H]2C[C@@](C)(OC)[C@@H](O)[C@H](C)O2)C(C)[C@@H](O[C@@H]2O[C@H](C)C[C@H](N(C)C)[C@H]2O)[C@](C)(OC)C[C@@H](C)C(=O)[C@H](C)[C@@H](O)[C@]1(C)O
TOX2822,CCn1nc(C(=O)O)c(=O)c2cc3c(cc21)OCO3
TOX1902,BrCCCBr
TOX1294,O=S1(=O)CC=CC1
TOX5603,CNCCO
TOX26925,C[N+]1(CC2COC(c3ccccc3)(C3CCCCC3)O2)CCCCC1
TOX22232,CC(CC=O)CCCC(C)(C)O
TOX16690,CC(C)COC(=O)CCCCC(=O)OCC(C)C
TOX7542,O=[N+]([O-])c1ccc(C=Cc2ccc([N+](=O)[O-])cc2S(=O)(=O)[O-])c(S(=O)(=O)[O-])c1
TOX28929,COC(=O)CCc1ccc(OCC(O)CNC(C)C)cc1
TOX13754,C=CC(=O)NC(C)C
TOX3529,Cc1c(C(C)C)c(=O)n(-c2ccccc2)n1C
TOX4515,[O-][Cl+3]([O-])([O-])[O-]
TOX1032,CCCN(CCC)N=O
TOX1749,C[N+](C)(C)C
TOX24401,N=C(N)c1ccccc1
TOX24400,CCCC[N+](CCCC)(CCCC)CCCC
TOX3298,CC1CCN(CCCC(=O)c2ccc(F)cc2)CC1
TOX24407,Cc1ccc(C(N)=O)cc1N
TOX24409,ClCCCCCCCl
TOX3293,CN1C(=O)CC(C)(c2ccccc2)C1=O
TOX3295,C[C@](N)(Cc1ccc(O)c(O)c1)C(=O)O
TOX24743,Nc1ccc2cc(S(=O)(=O)O)ccc2c1
TOX134,O=Cc1ccccc1
TOX5849,C=CCCC
TOX21575,O=C(O)COCC(=O)O
TOX29381,C[N+](C)(C)CC(=O)[O-]
TOX29382,CCN(CC)CCNC(=O)c1ccc(N)cc1
TOX5593,CNC(=O)N(c1ccccc1)c1ccccc1
TOX1359,CCCCNC(=O)NS(=O)(=O)c1ccc(C)cc1
TOX22006,CCCCCCCC(=O)OCC(O)CO
TOX7997,C=CCN(CC=C)C(=O)C(Cl)Cl
TOX20714,Cc1cc(C)c(N)c(Cl)c1
TOX24878,CCCOC(=O)c1ccccc1
TOX24879,CCC(CO)(CO)COCC(CC)(CO)CO
TOX24655,CCCCCCCCCCCC(=O)N(CC)CC
TOX24873,C=CC(=O)OCCCCCCCCCC
TOX24875,CN(C)CCN(C)CCO
TOX24877,CCC(=O)Nc1cccc(N)c1
TOX28715,CCC(C(=O)NC(=O)NC(C)=O)c1ccccc1
TOX28714,O=C(O)CNC(=O)CNC(=O)CNC(=O)CSC(=O)c1ccccc1
TOX28716,CCN1CCN(c2cc(-c3ccc(F)cc3)c3c(n2)CCCCCC3)CC1
TOX28719,CCOC(=O)OCC/C(SC(=O)OCC)=C(\C)N(C=O)Cc1cnc(C)nc1N
TOX27832,OC(CCN1CCCCC1)(c1ccccc1)C1CC2C=CC1C2
TOX6223,CC(=O)OCCOCCOCCOC(C)=O
TOX9904,OCCC(F)(F)C(F)(F)C(F)(F)C(F)(F)C(F)(F)C(F)(F)C(F)(F)C(F)(F)F
TOX6132,Cn1cnc2c1c(=O)[nH]c(=O)n2C
TOX1134,NC(=S)Nc1ccccc1
TOX14,CC(=O)C1C(=O)C=C(C)OC1=O
TOX721,CCOc1ccc(NC(=O)CC(C)O)cc1
TOX5102,CN(C)CCCN
TOX7174,OC1CCCc2ccccc21
TOX859,CC(O)c1ccccc1
TOX583,C=CC(=O)OCC
TOX856,CN1CCCC1=O
TOX1828,CC(=O)c1ccccc1
TOX1821,CCC(C)=NO
TOX1820,CCC(=O)CC
TOX3089,CC[N+](CC)(CC)CCOc1cccc(OCC[N+](CC)(CC)CC)c1OCC[N+](CC)(CC)CC
TOX8974,CCCC(C)CC
TOX7507,COC(=O)c1cccc(Cl)c1
TOX7504,C=C(C)C(=O)OCCN(C)C
TOX7502,Cc1cc(=O)nc(C(C)C)[nH]1
TOX7503,CC1(C)CC(N)CC(C)(CN)C1
TOX7500,CCCOCCO
TOX7509,COC(=O)CCS
TOX25673,CC[C@H](NC(C)C)[C@H](O)c1ccc(O)c2[nH]c(=O)ccc12
TOX27637,CCCCCC/C=C/C(=O)OC
TOX27636,CCCCCCCC(=O)OCCCCCC
TOX27633,CCCCCCCC/C=C\CCCCCCCC(=O)OCC
TOX25674,CCN(CC)CC1CCCCN1CC(=O)N1c2ccccc2C(=O)Nc2cccnc21
TOX25677,CC1(C)Oc2ccc(C#N)cc2[C@@H](N2CCCC2=O)[C@@H]1O
TOX29317,CCCN1C=CN(C)C1
TOX2842,Cc1ncsc1CCCl
TOX2846,Clc1cccc(Cl)c1N=C1NCCN1
TOX281,O=[N+]([O-])c1ccc(Cl)cc1
TOX9755,CCCCOC(O)CC
TOX6031,CCCCCCCCCCCCOS(=O)(=O)[O-]
TOX6033,CCCCC(CC)COS(=O)(=O)[O-]
TOX2906,CC(C)(CO)[C@@H](O)C(=O)NCCCO
TOX27413,C/C=C(\C)C(=O)OC/C=C(\C)CCC=C(C)C
TOX27142,CC1=C(C=O)C(C)(C)CCC1
TOX22210,CN1CCCC1
TOX25847,CC(=O)Nc1cc([As](=O)(O)O)ccc1O
TOX14229,CCCCCC1CCC(=O)O1
TOX4681,CC(C)(C)N
TOX7344,O=C1CCCCCCCCCCCN1
TOX18686,Cc1cccc(C(=O)O)c1O
TOX7341,NCCOCCO
TOX7342,[S-]c1ccccc1
TOX7343,CC(C)(C)c1ccc(C=O)cc1
TOX3508,CC[N+]1(CC)CCC(=C(c2ccccc2)c2ccccc2)C1C
TOX4538,O=C1c2c(O)cccc2Cc2cccc(O)c21
TOX2279,CC(C)c1cccc(C(C)C)c1N
TOX17757,C=CCCCCCCCCC=O
TOX24462,CCO[Si](OCC)(OCC)c1ccccc1
TOX24469,NCCOS(=O)(=O)O
TOX25597,NC(CO)(CO)CO.O=C(c1ccccc1)c1ccc2n1CC[C@H]2C(=O)O
TOX445,CC(C)OC(=O)COc1ccc(Cl)cc1Cl
TOX444,CCCCC(CC)COC(=O)COc1ccc(Cl)cc1Cl
TOX443,CCCCOC(=O)COc1ccc(Cl)cc1Cl
TOX442,O=C(O)COc1ccc(Cl)cc1Cl
TOX448,CC(Cl)CCl
TOX22451,Clc1sc(Cl)c(Cl)c1Cl
TOX4991,ClC=CCl
TOX4997,O=[N+]([O-])c1cccc(Cl)c1Cl
TOX26739,NCCNC(=O)c1ccc(Cl)cn1
TOX26734,Nc1c2c(nc3c1CCC3)CCCC2
TOX26229,CC(=O)Nc1ccc(OCCOCCOc2ccc(NC(C)=O)cc2)cc1
TOX5326,[Fe+2].c1cc[cH-]c1.c1cc[cH-]c1
TOX4051,CC(C)OP(C)(=O)OC(C)C
TOX4055,COS(=O)(=O)OC
TOX4057,CNC
TOX27178,CCCCCCCCCCCCCCCCCC(=O)OCC(CC)CCCC
TOX27173,CC(C)(CO)[C@@H](O)C(=O)NCCC(=O)[O-]
TOX27176,C1=CCC(c2ccccc2)CC1
TOX27177,Cc1ccc(-c2ccccc2)cc1
TOX9289,CCC12COCN1COC2
TOX28885,CC(=O)NC(CCC(N)=O)C(=O)O
TOX24858,c1ccc(-c2nnn[nH]2)cc1
TOX28777,CN(C)C(=O)CNC(=O)Cc1ccccc1
TOX28770,CN(CC1(C)CCCO1)S(=O)(=O)c1ccc(Cl)c(S(N)(=O)=O)c1
TOX5012,C=C(Cl)CCl
TOX5010,OC(CCl)CCl
TOX5014,ClC(Cl)c1ccccc1
TOX2049,Cc1cc(C)c(O)c(C)c1
TOX5018,C1CCC(NC2CCCCC2)CC1
TOX25107,O=C(O)CP(=O)(O)O
TOX79,O=C([O-])CC(O)(CC(=O)O)C(=O)[O-]
TOX74,NCC1(CC(=O)O)CCCCC1
TOX877,Cc1cccc2ccccc12
TOX7159,O=C1CCCCCO1
TOX7158,O=C(Cl)OCc1ccccc1
TOX3314,CC(C)(C(=O)c1cccnc1)c1cccnc1
TOX4573,c1ccc2[nH]cnc2c1
TOX1808,Cc1ccccc1O
TOX1801,CCN(CCO)c1cccc(C)c1
TOX1800,CCN(CC)c1ccccc1
TOX4836,CC(C)=CCCC(C)=CC=O
TOX4835,O=CC=Cc1ccccc1
TOX27665,CC(C)SCc1ccco1
TOX300,ClC(Br)Br
TOX308,ClCc1ccccn1
TOX309,ClCc1cccnc1
TOX26038,C/C=C1\[C@H]2C=C(C)C[C@]1(N)c1ccc(=O)[nH]c1C2
TOX27617,COc1cc(C)ccc1C(C)C
TOX27618,CC1CCC(=O)O1
TOX28506,N#C[C@@H]1C[C@@H]2C[C@@H]2N1C(=O)[C@@H](N)C12CC3CC(CC(O)(C3)C1)C2
TOX21815,CC1CC(O)CC(C)(C)C1
TOX6783,NC(=O)NC(N)=O
TOX6781,CC(C)CC(C)O
TOX6789,CC1COC(=O)O1
TOX2868,NS(=O)(=O)c1cc2c(cc1Cl)NC(CC1CCCC1)NS2(=O)=O
TOX26699,CC(C)NCC(O)c1ccccc1Cl
TOX26693,COc1ccc(C(=O)NCc2ccc(OCCN(C)C)cc2)cc1OC
TOX24854,C=COCCCCO
TOX666,OCC1CO1
TOX20342,CCC1COC(=O)O1
TOX20691,Cc1cc(C(C)(C)C)c(O)c(C)c1CC1=NCCN1
TOX20693,CC(=O)O[C@H](CC(=O)[O-])C[N+](C)(C)C
TOX22276,CCOc1ccccc1O
TOX22279,CC(C)C(=O)OCCOc1ccccc1
TOX1807,Cc1ccccc1C
TOX28966,C[C@@H](C1=C(CCN(C)C)Cc2ccccc21)c1ccccn1
TOX24999,CC1=NN(c2ccc(S(=O)(=O)O)cc2)C(=O)C1
TOX24998,FC(F)(F)C(=NOCC1OCCO1)c1ccc(Cl)cc1
TOX1254,C=CCc1ccc2c(c1)OCO2
TOX1255,CC(C)(C)NCC(O)c1ccc(O)c(CO)c1
TOX1256,O=C(O)c1cc(/N=N/c2ccc(S(=O)(=O)Nc3ccccn3)cc2)ccc1O
TOX1251,O=C1NS(=O)(=O)c2ccccc21
TOX7367,C=CCCCCCCCCCCCC
TOX7360,NC(=O)[O-]
TOX7361,CC(C)(CO)COC(=O)C(C)(C)CO
TOX27952,CC(=O)C=CC1=C(C)CCCC1(C)C
TOX1780,CCOC(=O)c1ccccc1C(=O)OCC
TOX1789,NC(=O)c1ccccc1N
TOX683,ClC(Cl)=C(Cl)C(Cl)=C(Cl)Cl
TOX7092,CCOC(=O)CC(C)=O
TOX680,C1CCCNCCC1
TOX7096,CC(C)(O)C#CC(C)(C)O
TOX7098,O=C(O)CNCC(=O)O
TOX21125,[Na]I
TOX24332,C[N+](C)(C)Cc1ccccc1
TOX24447,COc1cccc(C=O)c1
TOX24446,C[N+](C)(C)CC(=O)O
TOX24441,Cc1ccccc1CCl
TOX24443,CCCC[N+](C)(CCCC)CCCC
TOX29354,BrCCCCCBr
TOX468,O=CNNC=O
TOX463,CCN(C=O)CC
TOX462,OCCOCCO
TOX6418,CC(C)(C)S
TOX2521,CC(C)CCCCCCOC(=O)c1ccccc1C(=O)OCCCCCCC(C)C
TOX2520,CCOC(=O)C=Cc1ccccc1
TOX2529,COC(=O)c1ccc(O)cc1
TOX3125,NCCc1cnc[nH]1
TOX5809,CCCCCCCC/C=C\CCCCCCCC(=O)O
TOX3122,CN1C(=O)C(C)(C2=CCCCC2)C(=O)N=C1O
TOX25312,CC1=C2[C@H]3OC(=O)[C@@H](C)[C@@H]3CC[C@@]2(C)C=CC1=O
TOX25310,C[C@H]1[C@H]2[C@H](C[C@H]3[C@@H]4CC[C@H]5C[C@@H](O)CC[C@]5(C)[C@H]4CC(=O)[C@@]32C)O[C@]12CC[C@@H](C)CO2
TOX26200,COc1ccc(Cc2cnc(N)nc2N)cc1OC
TOX4316,CNC(=O)N(C)c1nnc(C(C)(C)C)s1
TOX4317,Cc1[nH]c(=O)n(C(C)(C)C)c(=O)c1Cl
TOX4311,O=C([O-])CF
TOX7959,CCCCOCC(C)OCC(C)O
TOX4031,Cl/C=C/Cl
TOX889,C=Cc1ccc(C)cc1
TOX4038,OCC(Cl)CCl
TOX3323,OCCN1C[C@H](O)[C@@H](O)[C@H](O)[C@H]1CO
TOX6446,CCCCOC(=O)CC(CC(=O)OCCCC)(OC(C)=O)C(=O)OCCCC
TOX21460,O=C(O)c1cccc(C(F)(F)F)c1
TOX7122,COC(OC)OC
TOX27404,CN(C)CCN(Cc1cccs1)c1ccccn1.CN(C)CCN(Cc1cccs1)c1ccccn1
TOX27156,CCC(C)C1N=C(C)C(C)S1
TOX27155,N[C@@H](CCC(=O)O)C(=O)O
TOX27152,CCCC(=O)OC/C=C(\C)CCC=C(C)C
TOX24830,CC(C)(O)C(=O)c1ccccc1
TOX24831,CCCCOC(=O)C(C)OC(=O)CCC
TOX24832,COC(C=C(C)CCC=C(C)C)OC
TOX21809,O=S(=O)(O)NC1CCCCC1
TOX2975,Cn1c(=O)c2c(ncn2CC(O)CO)n(C)c1=O
TOX1440,C=CN1CCCC1=O
TOX9279,O=C(O)c1cc(C(=O)O)cc(S(=O)(=O)[O-])c1
TOX2605,CC(C)CCON=O
TOX14383,COc1cc(OC)nc(Oc2cccc(Oc3nc(OC)cc(OC)n3)c2C(=O)[O-])n1
TOX14382,CC(C)=C[C@@H]1[C@@H](C(=O)OCc2coc(Cc3ccccc3)c2)C1(C)C
TOX25128,COc1ccc(C(=O)N2CCCC2=O)cc1
TOX28751,CCCOC(=O)Cc1ccc(OCC(=O)N(CC)CC)c(OC)c1
TOX28752,Cc1nc([N+](=O)[O-])cn1-c1ccc([N+](=O)[O-])cc1
TOX899,O=[Mo](=O)=O
TOX7133,CCOP(=S)(S)OCC
TOX4814,Cc1ccc(Cl)cc1
TOX1866,CCCCOC(=O)CCCCC(=O)OCCCC
TOX1864,Cc1ccc(O)c(C)c1
TOX1868,Cc1ccc(C)cc1
TOX25746,COc1ccc(S(=O)(=O)N2c3ccc(Cl)cc3[C@@](O)(c3ccccc3Cl)[C@H]2C(=O)N2CCC[C@@H]2C(N)=O)cc1OC
TOX321,C[NH+](C)CCC(c1ccc(Cl)cc1)c1ccccn1
TOX322,CCCNC(=O)NS(=O)(=O)c1ccc(Cl)cc1
TOX325,C[N+](C)(C)CCO
TOX326,O=[Cr]O[Cr]=O
TOX329,CN/C(=N\C#N)NCCSCc1nc[nH]c1C
TOX7544,CC=CC(=O)O
TOX29006,CNC(=N)NC(=O)Nc1c(C)cccc1C
TOX29009,[NH3+]c1ccccc1
TOX21783,NC(=S)c1c(Cl)cccc1Cl
TOX27523,CC(C)c1ccc(S(=O)(=O)[O-])cc1
TOX27526,CCCCCCCCCCCCCCCS(=O)(=O)Oc1ccccc1
TOX27525,CC[C@H](C)C(=O)O[C@H]1C[C@H](O)C=C2C=C[C@H](C)[C@H](CC[C@@H](O)C[C@@H](O)CC(=O)[O-])[C@H]21
TOX27524,NC[C@H]1O[C@H](O[C@@H]2[C@@H](N)C[C@@H](N)[C@H](O[C@H]3O[C@H](CO)[C@@H](O)[C@H](N)[C@H]3O)[C@H]2O)[C@H](O)[C@@H](O)[C@@H]1O
TOX6224,COCCOCCOCCOC
TOX2886,C[N+](C)(C)CCCCCCCCCC[N+](C)(C)C
TOX4660,Cc1ccccc1Br
TOX26343,CC(O)CCCCn1c(=O)c2c(ncn2C)n(C)c1=O
TOX26419,CCC(=O)Nc1ccc(O)cc1
TOX26946,CC(=O)Oc1cc(C(C)C)c(OCCN(C)C)cc1C
TOX22254,CCCCCCCCCCCCCCCC(=O)NCCO
TOX27095,CCOC(=O)CCc1ccccc1
TOX27093,CCCCCC#CC(=O)OC
TOX27091,CCC(=O)OC(C)c1ccccc1
TOX1278,CC(C)NCC(O)c1ccc(NS(C)(=O)=O)cc1
TOX9062,CCC(OCCCOC)OC(C)=O
TOX7301,NC1CCCCC1N
TOX7302,O=C(Cl)c1c(Cl)c(Cl)c(C(=O)Cl)c(Cl)c1Cl
TOX7308,CCCCC(CC)C(=O)Cl
TOX7309,CCOCCC(=O)OCC
TOX1053,CN(N=O)c1ccccc1
TOX1056,O=NN1CCOCC1
TOX668,O=S1OCCO1
TOX664,OCC(O)CCl
TOX24389,COC(C)(C)CCO
TOX662,OCC(O)CO
TOX5220,CCCCCCCCCCCCS
TOX3101,N[C@@H](CCC(=O)N[C@@H](CS)C(=O)NCC(=O)O)C(=O)O
TOX6557,OCCN(CCO)c1cccc(Cl)c1
TOX25376,N=C(N)NC(=N)N1CCOCC1
TOX25372,CCN(CCCCOC(=O)c1ccc(OC)c(OC)c1)C(C)Cc1ccc(OC)cc1
TOX14627,Nc1c(Cl)c(F)nc(OCC(=O)O)c1Cl
TOX1347,O=c1cc[nH]c(=S)[nH]1
TOX6880,CC(=O)OCCOC(C)=O
TOX6888,C1=CCCC=CCC1
TOX6889,CCCCCCCCCCCC(=O)OC
TOX1343,N#C[S-]
TOX30037,COc1ccccc1N1CCNCC1
TOX29270,CCC[N+]1(C)CCCC1
TOX29273,CCCCCCCCCCCCCCCCI
TOX29276,CCC[N+]1(C)CCCC1
TOX29278,BrCCOc1ccccc1
TOX22061,CC(=O)O[C@@H]1C[C@H]2CC[C@]1(C)C2(C)C
TOX22060,CC1(C)[C@@H]2CC[C@@]1(C)[C@H](O)C2
TOX22062,CCC(=O)O[C@@H]1C[C@H]2CC[C@]1(C)C2(C)C
TOX7933,CC(C)CCCCCOC(=O)c1ccccc1C(=O)OCCCCCC(C)C
TOX4370,CC(C)CC(C)(C)C
TOX4376,CCCSC(=O)N(CCC)CCC
TOX4018,COc1c(Cl)ccc(Cl)c1C(=O)O
TOX4014,ClC(Cl)(Br)Br
TOX4012,Brc1ccc(Br)cc1
TOX21446,OC1CCCCC1c1ccccc1
TOX21440,CCC(C)COC(=O)CC(C)C
TOX21441,Cc1ccccc1OCC(=O)O
TOX27134,CC=CC(=O)CCCC
TOX27427,CCCCCC(CC)OC(=O)CCCOc1ccc(Cl)cc1Cl
TOX27138,CC(C)(C)c1ccccc1
TOX5427,CC(C)(O)C#N
TOX5423,NCCNCCO
TOX1427,CCOC(N)=O
TOX1426,NC(N)=O
TOX1424,O=c1cc[nH]c(=O)[nH]1
TOX9211,O=C(O)c1ccc2cc(C(=O)O)ccc2c1
TOX24818,CCCCCCC(CO)CCCC
TOX28518,CO/N=C(/C(=O)N[C@@H]1C(=O)N2C(C(=O)[O-])=C(C[n+]3ccn4ncccc43)CS[C@H]12)c1nsc(N)n1
TOX28516,CO/N=C(/C(=O)N[C@@H]1C(=O)N2C(C(=O)OCOC(=O)C(C)(C)C)=C(C)CS[C@H]12)c1csc(N)n1
TOX24815,CCCCOC(=O)CCCCCCCC(=O)OCCCC
TOX25141,CN(C)CCOC(=O)COc1ccc(Cl)cc1
TOX4447,C=CCOC(=O)CCCCCCCC
TOX4449,C=CCNC(N)=S
TOX7113,CC(C)C(O)C(C)(C)CO
TOX3356,CCCc1c2oc(C(=O)O)cc(=O)c2cc2c(=O)cc(C(=O)O)n(CC)c12
TOX24762,CCO[Si](CCC1CCC2OC2C1)(OCC)OCC
TOX24764,CC(C)C(=O)OCCc1ccccc1
TOX24765,CC(=O)OCC=Cc1ccccc1
TOX1848,CCNc1cccc(C)c1
TOX1847,c1ccc(Oc2ccccc2)cc1
TOX1841,CNc1ccccc1
TOX1843,N#Cc1ccccn1
TOX1842,ON=C1CCCCC1
TOX21270,CC(=O)OCCC(C)CC(C)(C)C
TOX21275,CCCCCCCCCCCC(=O)OCC(O)CO
TOX29068,CCCC[n+]1cccc(C)c1
TOX29064,Cc1nc2ccccc2s1
TOX29063,CCCn1cc[n+](C)c1
TOX1653,CCCCC=O
TOX1654,O=C(O)CCCC(=O)O
TOX8666,CC(C)CCCCCCCOC(=O)c1ccccc1C(=O)OCCCCCCCC(C)C
TOX8663,CCCCCCCCCOC(=O)c1ccccc1C(=O)OCCCCCCCCC
TOX24369,CN(C)c1ccncc1
TOX17626,O=C(c1ccc(Cl)cc1)c1ccc(Cl)cc1
TOX27305,CNC(=O)[C@H]1O[C@@H](n2cnc3c(NCc4cc(Cl)ccc4OCc4cc(C)no4)ncnc32)[C@H](O)[C@@H]1N
TOX541,O=C1NC(=O)C(c2ccccc2)(c2ccccc2)N1
TOX930,CN1CCC[C@H]1c1cccnc1
TOX26434,O=C(CS(=O)Cc1ccco1)NC/C=C\COc1cc(CN2CCCCC2)ccn1
TOX27426,C=C(C)C1CC=C(C)C(=O)C1
TOX27424,O=C1CCCCC1C1CCCCC1
TOX27422,CCC(=O)C1CC(C(C)C)CC=C1C
TOX27420,COc1cc(CCC(C)=O)ccc1O
TOX26051,OC[C@H](O)[C@@H](O)[C@@H](O)[C@H](O)CO
TOX1212,O=C(O)c1ccc(O)c(O)c1
TOX1216,COc1ccc(CN(CCN(C)C)c2ccccn2)cc1
TOX7328,O=S(=O)([O-])CO
TOX21529,CC(=O)Nc1ccc(S(N)(=O)=O)cc1
TOX24488,N#CC1(N)CCCCC1
TOX28651,CCOC(=O)NNc1ccc(N(CC)CC(C)O)nn1
TOX13649,COC(=O)CC#N
TOX24484,CC(C)CCCCCCN
TOX24486,CC(C)NC(=O)NC(C)C
TOX24375,C=CCOCC(O)CO
TOX24374,CC(=O)c1ccc(C)cc1
TOX24371,O=S(=O)(O)CCCN1CCOCC1
TOX24370,CCCCNc1ccccc1
TOX7386,C=CC(=O)OCCCCCCCC(C)C
TOX24378,CCCCC(CC)COC(=O)CC#N
TOX6183,CCCCN(CCCC)CCCC
TOX2741,CCCCNC(=O)NS(=O)(=O)c1ccc(N)cc1
TOX25685,CC1(c2ccccc2)OC(C(=O)O)=CC1=O
TOX25687,CCN1CCC[C@H]1CNC(=O)c1c(O)c(Cl)cc(Cl)c1OC
TOX25680,CN(C(=O)c1c(O)c2ccccc2n(C)c1=O)c1ccccc1
TOX25688,O=C1c2ccccc2S(=O)(=O)N1CCCCN1CCN(c2ncccn2)CC1
TOX5249,CCCCCCCCCCCCC1CO1
TOX3113,COc1ccccc1O
TOX5240,C=CC1CO1
TOX5113,CC(C)CC(C)N
TOX25429,CN[C@H]1[C@@H](O)[C@@H](NC)[C@H](O)[C@H]2O[C@@H]3O[C@H](C)CC(=O)[C@]3(O)O[C@H]12
TOX12513,Cc1cc(C)n(CO)n1
TOX12511,CCN1CN(CC)CN(CC)C1
TOX25351,COc1cc(NS(=O)(=O)c2ccc(N)cc2)ncn1
TOX421,Cl[C@H]1OCCO[C@@H]1Cl
TOX420,C#CC(C)(C)NC(=O)c1cc(Cl)cc(Cl)c1
TOX428,O=C(O)C(Cl)Cl
TOX1980,CCCCCC(=O)OCC
TOX1982,CCCCOC(C)=O
TOX7916,CCC(C)(CCC(C)C)C(=O)O
TOX2472,CCCCc1ccccc1
TOX21424,CC(C)CCCC(C)(C)O
TOX21425,CCC/C=C/C=O
TOX21420,O=C(O)c1ccco1
TOX21423,C=CN1CCCCCC1=O
TOX1901,CCCOC(C)=O
TOX27440,CC(C)c1ccc(C#N)cc1
TOX27117,Cl[Yb](Cl)Cl
TOX8120,C=CC(C)(C)CC(=O)OC
TOX5403,CCCCCCOC(=O)c1ccccc1
TOX5406,C=C(C)C(=O)OCCCCCC
TOX9189,N=C(N)N.N=C(N)N.O=C(O)O
TOX5740,O=C(Cl)c1cccc([N+](=O)[O-])c1
TOX1596,CCCCCCCCCCCCCCCCC(=O)O
TOX14005,NS(=O)(=O)O
TOX9233,O=C(c1ccc2c(c1)C(=O)OC2=O)c1ccc2c(c1)C(=O)OC2=O
TOX9231,CC(CO)CO
TOX9237,C=C(C)C(=O)OCCC[Si](OC)(OC)OC
TOX9234,C=CC(C)CCC=C(C)C
TOX9235,C=CCCCCCCCCCCC
TOX28824,CN(C)CCc1c[nH]c2cccc(OP(=O)(O)O)c12
TOX25164,CC(C(=O)O)c1ccc(CC2CCCC2=O)cc1
TOX25167,Cc1ccccc1N1C(=O)c2cc(S(N)(=O)=O)c(Cl)cc2NC1C
TOX25166,CCN(CC)CC(=O)Nc1c(C)cccc1C
TOX25163,O=C1N(c2ccccc2)c2ccccc2C1(Cc1ccncc1)Cc1ccncc1
TOX25162,CCn1ccnc1CC1COc2ccccc2O1
TOX25169,CCN(CC)CCNC(=O)c1cc(Cl)c(N)cc1OC
TOX90,Nc1ccccc1
TOX97,CC(COc1ccc(C(C)(C)C)cc1)OS(=O)OCCCl
TOX94,Nc1ccccc1C(=O)O
TOX28799,C=CCC1([C@H](C)CCC)C(=O)NC(=O)NC1=O
TOX28798,CCN[C@H](C)Cc1cccc(C(F)(F)F)c1
TOX28792,C[C@H](N)C(=O)c1ccccc1
TOX28795,CC(Cc1ccccc1)NCCn1cnc2c1c(=O)n(C)c(=O)n2C
TOX28794,CCN[C@@H](C)Cc1ccccc1
TOX28797,CCN[C@@H](C)Cc1cccc(C(F)(F)F)c1
TOX1156,CCN(CC)C(=O)C(Cl)=C(C)OP(=O)(OC)OC
TOX24511,CCCOC(=O)CCCCC(=O)OCCC
TOX2171,CCCCCCCCCCN
TOX24748,O=C(c1ccccc1)C1(O)CCCCC1
TOX24746,CC(C)OC(=O)c1ccccc1
TOX3376,CNC(=C[N+](=O)[O-])NCCSCc1csc(CN(C)C)n1
TOX17696,CN/C=N/c1ccc(C)cc1C
TOX24740,CC(C)OC(=O)CCC(=O)OC(C)C
TOX3372,O=C1CN=C(c2ccccc2)c2cc([N+](=O)[O-])ccc2N1
TOX23919,OC[C@H](O)[C@H](O)CO
TOX363,ON=C1CCCC1
TOX369,CN(C)N=Nc1nc[nH]c1C(N)=O
TOX21210,CC1=CCC(C(C)C)=CC1
TOX24811,Cc1cc(Cl)ccc1/N=C/N(C)C
TOX26457,Cc1ccc(-c2ncc(Cl)cc2-c2ccc(S(C)(=O)=O)cc2)cn1
TOX26451,CCCCCOC(=O)Nc1nc(=O)n([C@@H]2O[C@H](C)[C@@H](O)[C@H]2O)cc1F
TOX24365,CC(C)(C)NC(N)=O
TOX7496,O=C([O-])COc1ccc(Cl)cc1Cl
TOX24493,CCO[Si](CCCNC(N)=O)(OCC)OCC
TOX24490,COC(=O)c1sccc1S(N)(=O)=O
TOX24491,NC(=O)CN1CCCC1=O
TOX1238,Oc1cccc(O)c1
TOX27582,CCCCCCOC(=O)CC
TOX27585,CC/C=C\CCOC(=O)C(C)C
TOX27584,CCCCCC(=O)OCCc1ccccc1
TOX1231,Cc1cc(C)c(/N=N/c2c(O)c(S(=O)(=O)[O-])cc3cc(S(=O)(=O)[O-])ccc23)cc1C
TOX4600,C[N+](C)(C)Cc1ccccc1
TOX28495,CCCC[C@H]1CN(CC2CCOCC2)C(=O)OC12CCN(C1(C)CCN(C(=O)c3c(C)ncnc3C)CC1)CC2
TOX1097,CN(C)[C@@H]1C(O)=C(C(N)=O)C(=O)[C@@]2(O)C(O)=C3C(=O)c4c(O)cccc4[C@@](C)(O)[C@H]3[C@H](O)[C@@H]12
TOX24359,O=C1CCCCCCCCCCCCCCO1
TOX24356,OCCNCc1ccccc1
TOX24352,COC(=O)Cc1ccccc1
TOX27917,CC[N+]1(C)CCCC1
TOX29346,CCCCCCCCCCCCCC/C(O)=N\C(CO)CCCCCCCCCCCCCC
TOX2764,CO[C@@]1(NC(=O)Cc2cccs2)C(=O)N2C(C(=O)O)=C(COC(N)=O)CS[C@@H]21
TOX3495,C[n+]1ccccc1/C=N/O
TOX3496,CCCN[C@H]1CCc2nc(N)sc2C1
TOX2544,CC(=O)Nc1nnc(S(N)(=O)=O)s1
TOX2543,CC(=O)Nc1ccccc1
TOX622,[Fe+3]
TOX627,OC(Cn1cncn1)(Cn1cncn1)c1ccc(F)cc1F
TOX626,O=C(NCC1CCCCN1)c1cc(OCC(F)(F)F)ccc1OCC(F)(F)F
TOX628,CN(C)C(=O)Nc1cccc(C(F)(F)F)c1
TOX6513,O=C1NC(=O)C2CC=CCC12
TOX6516,O=C1OC(=O)C2CC=CCC12
TOX6514,O=C1NC(=O)c2ccccc21
TOX6515,O=C1OC(=O)C2CCCCC12
TOX14664,COCc1cnc(C2=NC(C)(C(C)C)C(=O)N2)c(C(=O)O)c1
TOX14665,CC(C)C1(C)N=C(c2ncccc2C(=O)O)NC1=O
TOX199,CCBr
TOX190,O=C1/C(=C2\Nc3ccc(S(=O)(=O)[O-])cc3C2=O)Nc2ccc(S(=O)(=O)[O-])cc21
TOX194,OB(O)O
TOX3143,C[C@@H](O)[C@H]1C(=O)N2C(C(=O)O)=C(SCCNC=N)C[C@H]12
TOX3632,O=C(O)[C@H](O)[C@@H](O)C(=O)O
TOX7640,O=C(O)CC(O)C(=O)O
TOX14930,CCOP(=O)(SC(C)CC)N1CCSC1=O
TOX14936,COC(=O)c1ccccc1S(=O)(=O)NC(=O)Nc1nc(C)cc(C)n1
TOX24768,Cn1c(=O)c2[nH]c(Br)nc2n(C)c1=O
TOX24769,CC(C=O)Cc1ccc(C(C)C)cc1
TOX21403,COc1ccc(OC)c(Cl)c1
TOX21400,CCCCC(CC)(CO)CO
TOX21405,NC(=O)c1ccc([N+](=O)[O-])cc1Cl
TOX27461,Nc1cccnc1
TOX27466,CC(C)OCCO
TOX27467,C[N+](C)(C)CCO
TOX5469,CC(C)CCO
TOX5461,C=C(C)C(=O)OCC(C)C
TOX2948,COS(=O)(=O)[O-].C[N+]1(C)CCC(=C(c2ccccc2)c2ccccc2)CC1
TOX5724,CC(=O)c1ccc([N+](=O)[O-])cc1
TOX5725,Nc1cccc([N+](=O)[O-])c1
TOX1547,CC(=O)CCl
TOX5661,C=C(C)c1ccccc1
TOX12891,O=C(Cl)c1c(Cl)cccc1Cl
TOX22170,C1CN(CCOCCN2CCOCC2)CCO1
TOX20110,CCOC(=O)CC
TOX20114,C=CC(=O)NC(C)(C)C
TOX5096,COC(=O)CCCCC(=O)OC
TOX5094,COCCOC(=O)c1ccccc1C(=O)OCCOC
TOX1396,CN1C(=O)OC(C)(C)C1=O
TOX1393,OCCOCCOCCO
TOX1392,OCCN(CCO)CCO
TOX1398,Cc1cc(C)c(N)cc1C
TOX14490,N#CN
TOX4413,CC(=O)Nc1ccccc1C
TOX4412,CC(=O)Nc1cccc(C)c1
TOX13564,CC1=C2[C@H](/C=C(\C)C(=O)O)CC[C@@H](C)[C@H]2[C@H](O)C1
TOX24725,CCCCOC(=O)CO
TOX24727,CN(C1CCCCC1)C1CCCCC1
TOX24720,Cc1ccnc(N)c1
TOX24723,CC(=O)O[AlH3](O)O
TOX3826,CC1(C)CC(N=C=O)CC(C)(CN=C=O)C1
TOX22406,COS(=O)(=O)[O-]
TOX28119,CCCCC(CC)COC(=O)/C=C/c1ccc(OC)cc1
TOX18831,COCCOC(=O)CC#N
TOX1767,COC(C)=O
TOX21232,CC(C)c1cc(C(C)C)cc(C(C)C)c1
TOX21238,NCC1CCCC(CN)C1
TOX12878,CC(O)CC(C)O
TOX11956,CCCNC(C)C(=O)Nc1ccccc1C
TOX4254,c1ccc2c(c1)ccc1ccccc12
TOX24934,CN1C(=O)N(C)C(O)C1O
TOX24932,CC(C)c1ccc(S(=O)(=O)O)cc1
TOX4621,COCCOCCOC
TOX21273,O=C(O)C1=NN(c2ccc(S(=O)(=O)O)cc2)C(=O)C1
TOX28720,CCOC(=O)NC(C)(C)Cc1ccc(Cl)cc1
TOX20614,CC(=O)C(=O)[O-]
TOX27197,CC(=O)OC1C2(C)CCC(C2)C1(C)C
TOX28472,O=S(=O)([O-])[O-].[Li+].[Li+]
TOX28474,CCCCCBr
TOX27709,CC1CCC(=O)C1=O
TOX28726,CCN1C(=O)c2ccccc2C1Nc1ccc(OCCN2CCCCC2)cc1
TOX27702,CSSc1ccoc1C
TOX27701,Cc1occc(=O)c1OC(=O)C(C)C
TOX27706,CCC(=O)OCc1ccc(OC)cc1
TOX27704,CCCC1CCOC(C)S1
TOX28619,CC(C)NCC(O)c1ccc([N+](=O)[O-])cc1
TOX1615,CS(=O)(=O)Cl
TOX1617,Cc1cccc(C(=O)O)c1
TOX1610,O=C(O)c1cccc(O)c1
TOX1618,Cc1ccc(C(=O)O)cc1
TOX5286,COCCOC
TOX5285,CCOCCOCC
TOX13179,O=C(O)CCC(=O)C(=O)O
TOX605,CCCCC(CC)CO
TOX604,C1CC2OC2CC1C1CO1
TOX12556,COC(=O)CSc1cc(/N=c2\sc(=O)n3n2CCCC3)c(F)cc1Cl
TOX25461,CCCC(=O)Nc1ccc(OCC(O)CNC(C)C)c(C(C)=O)c1
TOX25469,CC(C(=O)O)c1ccc(C(=O)c2cccs2)cc1
TOX9059,FC(F)(F)C(F)(F)C(F)(F)C(F)(F)C(F)(F)C(F)(F)C(F)(F)C(F)(F)C(F)(F)C(F)(F)F
TOX1948,CNC(=O)Oc1ccccc1OC(C)C
TOX1947,CCCCCCCCCCCCCO
TOX1940,CCCCCCCCO
TOX1941,CCOCCOCCO
TOX1943,CCCCCCCCCC(C)=O
TOX7729,CC12CCCC=C1C(=O)OC2=O
TOX3618,O=C1C(CCS(=O)c2ccccc2)C(=O)N(c2ccccc2)N1c1ccccc1
TOX3616,COc1cc(NS(=O)(=O)c2ccc(N)cc2)nc(C)n1
TOX3615,Cc1nnc(NS(=O)(=O)c2ccc(N)cc2)s1
TOX3612,Cc1ccnc(NS(=O)(=O)c2ccc(N)cc2)n1
TOX3613,COc1cnc(NS(=O)(=O)c2ccc(N)cc2)nc1
TOX3611,COc1ccc(NS(=O)(=O)c2ccc(N)cc2)nn1
TOX4394,CC(=O)O
TOX4395,CC(=O)OC(C)=O
TOX4392,CC(=O)Nc1ccc(C(=O)O)cc1
TOX4399,CC(=O)C(C)O
TOX7625,CCCCC(CC)COC(=O)c1ccc(C(=O)OCC(CC)CCCC)cc1
TOX21396,CCC(C)S
TOX26287,Nc1ccc(S(=O)(=O)Nc2ccccc2)cc1
TOX26281,Cc1c(Cn2ccnc2)c2ccccc2n1CCC(=O)O
TOX26282,COC(c1ccccc1)(c1ccccc1)[C@H](Oc1nc(C)cc(C)n1)C(=O)O
TOX26288,CN1CCN(C(=O)C2CCCCC2)CC1
TOX5449,O=[N+]([O-])c1cccc(I)c1
TOX6935,CCCCCCCCCCCCCCCCCCO
TOX9149,CCCCCCCCCCCCCCCC(=O)OC
TOX9145,COC(=O)CC(=O)OC
TOX9146,CN1CCOCC1
TOX9143,CCCC(C)C
TOX5709,[Ni+2].c1cc[cH-]c1.c1cc[cH-]c1
TOX26861,CN1CCC[C@@H]1Cc1c[nH]c2ccc(CCS(=O)(=O)c3ccccc3)cc12
TOX26864,N=C(N)NCCC[C@H](NC(=O)[C@@H]1CCCN1C(=O)[C@@H]1CSSCCC(=O)N[C@@H](Cc2ccc(O)cc2)C(=O)N[C@@H](Cc2ccccc2)C(=O)N[C@@H](CCC(N)=O)C(=O)N[C@@H](CC(N)=O)C(=O)N1)C(=O)NCC(N)=O
TOX28867,c1cnc2cc3c(cc2n1)C1CNCC3C1
TOX1378,O=C(O)C(Cl)(Cl)Cl
TOX1377,FC(F)(Cl)C(F)(Cl)Cl
TOX1375,CCCCCCCC(=O)OCC(COC(=O)CCCCCCC)OC(=O)CCCCCCC
TOX1374,BrC(Br)Br
TOX1117,Cc1cc(=O)n(-c2ccccc2)n1C
TOX1116,CCOc1ccc(NC(C)=O)cc1
TOX2138,CC/C=C/CCO
TOX2130,O=Cc1ccc(Cl)cc1Cl
TOX2137,CC/C=C\CCO
TOX3846,COP(=O)(NC(C)=O)SC
TOX24703,N#Cc1ccc(Cl)cc1
TOX24252,CC(C)CCCC(=O)O
TOX24701,COC(=O)c1ccccc1Cl
TOX18810,C=C[Si](C)(C)O[Si](C)(C)C=C
TOX3261,CCCC(C)(COC(N)=O)COC(N)=O
TOX3269,Cc1cc(C)cc(OCC2CNC(=O)O2)c1
TOX13401,O=C(O[C@@H](C(=O)O)[C@@H](OC(=O)c1ccccc1)C(=O)O)c1ccccc1
TOX4896,CNC.O=C(O)COc1ccc(Cl)cc1Cl
TOX4890,Cc1ccc(C(C)(C)O)cc1
TOX6729,CCCC(=O)OC(=O)CCC
TOX6728,CC(C)=CCC/C(C)=C\CO
TOX6726,CC(C)=CCCC(C)CCO
TOX29378,CCCCON=O
TOX29371,C1CS1
TOX4272,CSc1nc(NC(C)C)nc(NC(C)C)n1
TOX26491,Nc1nc(=O)c2ncn(CCC(CO)CO)c2[nH]1
TOX4640,Brc1ccc(-c2ccccc2)cc1
TOX29095,NC(CCC(=O)O)C(=O)O
TOX21613,Clc1ccc(C2(Cn3cncn3)OCCO2)c(Cl)c1
TOX21610,O=C[C@@H](O)[C@H](O)[C@H](O)CO
TOX24131,Nc1ccc(S(=O)(=O)Nc2ccnn2-c2ccccc2)cc1
TOX24132,CC1CN(c2cc3c(cc2F)c(=O)c(C(=O)O)cn3-c2ccc(F)cc2F)CCN1
TOX24670,Clc1cccc(Cl)c1N=C1NCCN1
TOX27725,c1ccc2c(c1)sc1ccccc12
TOX27729,Oc1ccccc1F
TOX27728,Fc1ccccc1-c1ccccc1
TOX1584,CC(C)=CC(=O)C=C(C)C
TOX1585,CC(C)(CCC(=O)O)C(=O)O
TOX1586,CC(=O)CCC=C(C)CCC=C(C)C
TOX1581,CC(C)(CC(=O)O)C(=O)O
TOX1583,CC(=O)C(C)=O
TOX9353,CC(=O)C1=C(C)[C@@H]2C[C@]3(C1)[C@@H](CC[C@H]3C)C2(C)C
TOX9607,C=C(C)C(=O)OCCOCCOCCOC(=O)C(=C)C
TOX9606,CC(C)=CC=O
TOX6125,CC(C)(C#N)C(C)(C)C#N
TOX5117,CSSC
TOX1638,CC(Cl)(Cl)[N+](=O)[O-]
TOX1639,CCCCCCCCC=O
TOX1635,CC(C)C=O
TOX1632,CC(CCC(=O)O)C(=O)O
TOX1633,CCCC(C)C(=O)O
TOX25668,CCN1CCC[C@H]1CNC(=O)c1c(OC)ccc(Br)c1OC
TOX24399,O=P(O)(O)c1ccccc1
TOX24391,CC(C)c1ccccc1O
TOX24393,CC(=N\O)/C(C)=N/O
TOX24392,COc1ccc2ccccc2c1
TOX25448,O=C(OCCOCCO)c1ccccc1Nc1cccc(C(F)(F)F)c1
TOX25440,CC(C)(Sc1cc(C(C)(C)C)c(O)c(C(C)(C)C)c1)Sc1cc(C(C)(C)C)c(O)c(C(C)(C)C)c1
TOX22490,CCO[Si](C)(OCC)OCC
TOX25444,CCCNC(C)C(=O)Nc1c(C)csc1C(=O)OC
TOX480,CC(=O)OC1CC(C)OC(C)O1
TOX7294,CCC(C)NC(N)=O
TOX1965,Clc1ccc(Cl)c(Cl)c1
TOX1968,CCOc1cc(C=O)ccc1O
TOX1969,COc1cc(C=O)ccc1O
TOX7749,CC(C)(C)C(=O)CCl
TOX3188,O=C(c1ccc(F)cc1)C1CCN(CCn2c(=O)[nH]c3ccccc3c2=O)CC1
TOX7747,CCC(C)(C#N)/N=N/C(C)(C#N)CC
TOX3678,CC(S)C(=O)NCC(=O)O
TOX3674,CC(C)(C)NC[C@H](O)COc1nsnc1N1CCOCC1
TOX15001,C=CCCCCCCCCC(=O)O
TOX224,O=C1CCCO1
TOX223,CC1CC(=O)O1
TOX7600,Nc1cc(S(=O)(=O)[O-])cc2cc(S(=O)(=O)O)cc(O)c12
TOX21370,CC(O)C(CO)C(C)O
TOX21371,COCCOCCOCCOCCOCCO
TOX21376,CCCCCCCCCCCCCN1CC(C)OC(C)C1
TOX29142,C[n+]1ccn(CCO)c1.F[B-](F)(F)F
TOX29144,CC[C@H](N)c1ccccc1
TOX29148,CCCC[n+]1ccccc1.O=S(=O)([O-])C(F)(F)F
TOX15266,CC/C=C\CCCCCCCCCCOC(C)=O
TOX8985,CC(C)(c1ccccc1)c1cc(-n2nc3ccccc3n2)c(O)c(C(C)(C)c2ccccc2)c1
TOX1215,NC(=O)c1cnccn1
TOX5301,CCCCC(CC)COCC1CO1
TOX5934,C=C(C)C(=O)OCC(C)O
TOX1938,CCCCCCCCBr
TOX6918,CCCCCCCCCCCCO
TOX6914,C=CCCCCCCCCCC
TOX6915,CCCCCCCCCCCO
TOX6912,COCCOCCOCCO
TOX20154,C=C(C)C(=O)NCCCN(C)C
TOX20152,OC[C@H]1O[C@@H](Oc2ccc(O)cc2)[C@H](O)[C@@H](O)[C@@H]1O
TOX20151,O=C(NCNC(=O)NC1C(=O)NC(=O)N1CO)NC1C(=O)NC(=O)N1CO
TOX24896,CO[Si](CCCn1c(=O)n(CCC[Si](OC)(OC)OC)c(=O)n(CCC[Si](OC)(OC)OC)c1=O)(OC)OC
TOX24897,CCC(CO)CO
TOX24894,CC(CN)CC(C)(C)CCN
TOX24899,CC(C)CC(C)(N)C#N
TOX9166,O=S(=O)([O-])c1ccc2cc(O)ccc2c1
TOX9167,CNC(=S)[S-]
TOX9160,CCCCCCCCCCCCCCCCCC(=O)OCC(O)CO
TOX1351,[SnH2+2]
TOX4185,COC(=O)Cl
TOX1356,CC(=O)Oc1c(C)c(C)c2c(c1C)CC[C@@](C)(CCC[C@H](C)CCC[C@H](C)CCCC(C)C)O2
TOX4455,CC(=O)Nc1ccc(N)cc1
TOX9290,CC1=CC[C@H]2C[C@@H]1C2(C)C
TOX9299,CCCCCCCCCCCCCCCCCCOCCO
TOX7197,COC(=O)C(C)O
TOX7191,C1=CCC=C1
TOX3862,CNC(=O)O/N=C/C(C)(C)S(C)(=O)=O
TOX28154,CCCc1ccc(N)cc1
TOX2113,C=CC(Cl)CCl
TOX2117,NC12CC3CC(CC(C3)C1)C2
TOX27643,CC(O)C1CCCCC1
TOX3240,CNC1(C)C2CCC(C2)C1(C)C
TOX25053,C[N+](C)(C)CCCCCC[N+](C)(C)C
TOX14729,COC(=O)C1(O)c2ccccc2-c2ccccc21
TOX28833,COc1ccc2c3c1O[C@H]1[C@H](O)CC[C@H]4[C@@H](C2)N(C)CC[C@@]341
TOX29356,CCCCCCCCCCCCCCCCBr
TOX29357,CC1=C(C=O)C(C)(C)CC=C1
TOX21347,CC(C)COC(=O)COc1ccc(Cl)cc1Cl
TOX21580,N#CCNCC#N
TOX27296,O=C(O)Cn1c(=O)n(Cc2ccc(Br)cc2F)c(=O)c2ccc(Cl)cc21
TOX4661,Cc1ccc(Br)cc1
TOX4666,OCCCCO
TOX4664,CCCC=NO
TOX21636,CC(=O)OC(C)c1ccccc1
TOX21639,Cc1ccc(S(=O)(=O)[O-])c(C)c1
TOX21638,OCCCc1ccccc1
TOX29334,CCCC[N+]1(C)CCCC1
TOX29335,Cn1cnc2ncnc(N)c21
TOX9338,COc1ccc(Br)c(C)c1
TOX9331,CCCCCC1=CCCC1=O
TOX6102,O=C1OC(=O)c2c(Cl)c(Cl)c(Cl)c(Cl)c21
TOX9626,O=C[O-]
TOX5133,Cc1ccc([N+](=O)[O-])cc1C
TOX5132,Cc1cccc([N+](=O)[O-])c1C
TOX5136,Cc1cc(C)cc([N+](=O)[O-])c1
TOX21964,CCOc1cc(OP(=S)(OC)OC)nc(CC)n1
TOX1658,CCC=O
TOX25600,NCCCC[C@H](N[C@@H](CCc1ccccc1)C(=O)O)C(=O)N1CCC[C@H]1C(=O)O
TOX1656,O=C(O)Cc1ccccc1
TOX21148,O=C(O)/C=C/c1c[nH]cn1
TOX932,O=C(O)c1cccnc1
TOX937,O=[N+]([O-])[O-].[Na+]
TOX25934,Cc1ncc([N+](=O)[O-])n1CC(C)O
TOX3470,O=C(O)c1ccccc1C(=O)Nc1ccc(S(=O)(=O)Nc2nccs2)cc1
TOX3479,CCn1cc(C(=O)O)c(=O)c2cnc(N3CCNCC3)nc21
TOX7764,CCCCCCCCCC(=O)N(C)C
TOX21032,Nc1nc2c(ncn2COC(CO)CO)c(=O)[nH]1
TOX6067,Nc1ccc(S(=O)(=O)Nc2ccccn2)cc1
TOX6064,Cc1cc(NS(=O)(=O)c2ccc(N)cc2)no1
TOX29161,CCCCCC[n+]1ccccc1.F[B-](F)(F)F
TOX15286,CC/C=C/CCCCCCCCCCOC(C)=O
TOX12488,COC(=O)c1c(C(F)F)nc(C(F)(F)F)c(C2=NCCS2)c1CC(C)C
TOX29296,CCCCCCCCCCCCCCCBr
TOX29290,CCCOC(=O)C(C)O
TOX6689,CC(O)CN(CCN(CC(C)O)CC(C)O)CC(C)O
TOX6457,CC(C)(C#N)/N=N/C(C)(C)C#N
TOX7886,CCC(C)(C)c1cc(-n2nc3ccccc3n2)c(O)c(C(C)(C)CC)c1
TOX5483,CC(C)OC(=O)Cc1ccccc1
TOX6975,Cc1ccc([N+](=O)[O-])cc1S(=O)(=O)O
TOX5242,CCCCCCCCC1CO1
TOX27192,CC/C=C\CC/C=C/CO
TOX27193,C=C(C)CCC[C@H](C)CCO
TOX27195,CC1CCC(C(C)(C)S)C(=O)C1
TOX27199,CCCc1ccc(O)c(OC)c1
TOX1338,CS(=O)(=O)c1ccc([C@@H](O)[C@@H](CO)NC(=O)C(Cl)Cl)cc1
TOX9105,Cc1ccc(S(N)(=O)=O)cc1
TOX1488,O=C(O)c1cc(C(=O)O)cc(C(=O)O)c1
TOX1485,O=C(O)c1cccc(C(=O)O)c1
TOX1484,O=C(O)c1ccccc1C(=O)O
TOX1487,O=C(O)c1ccc(C(=O)O)c(C(=O)O)c1
TOX1486,O=C(O)c1cccc(C(=O)O)c1C(=O)O
TOX6535,O=C(O)c1ccc(S(=O)(=O)O)cc1C(=O)O
TOX13058,Nn1cnnc1
TOX24210,CC(C)[C@H](N)C(=O)OCCOCn1cnc2c(=O)[nH]c(N)nc21
TOX12519,CSC(=O)c1cccc2nnsc12
TOX28179,CCCCC1CCC(O)CC1
TOX28178,CCC(=O)c1ccc(Cl)cc1
TOX28175,Cc1cc(C)c(C(=O)O)c(C)c1
TOX28173,CCCC1CCC(=O)CC1
TOX5308,C=C(C)C(=O)OCC
TOX5309,CCOS(C)(=O)=O
TOX5306,CC=C1CC2C=CC1C2
TOX5302,CCCCC(CC)COC(=O)C=Cc1ccc(OC)cc1
TOX5303,CCCCC(CC)COCCC#N
TOX12673,COc1cc(OC)nc(Sc2cccc(Cl)c2C(=O)[O-])n1
TOX14700,Cc1cc(Cl)ccc1OCC(=O)[O-]
TOX6769,C[Si](C)(C)O[Si](C)(C)C
TOX6765,C=C(C)CC(C)(C)C
TOX6766,CC(C)=CC(C)(C)C
TOX26107,COc1cc(C(=S)N2CCOCC2)ccc1O
TOX29337,CCCC[N+]1(C)CCCCC1
TOX29338,CCOC(=O)CC(=O)c1cc(F)c(Cl)nc1Cl
TOX29339,CCC(C=O)CC
TOX26108,CC(=O)NC(=O)c1ccccc1O
TOX4236,Brc1cc(Oc2cc(Br)c(Br)c(Br)c2Br)c(Br)c(Br)c1Br
TOX7414,CC1(C)Cc2cccc(O)c2O1
TOX7413,O=S(=O)([O-])CCO
TOX5542,C=C(C)C(=O)O
TOX24496,CCCCCC1CCCC(=O)O1
TOX21659,N#Cc1ccc(C(=O)O)cc1
TOX27769,NCCc1cc[nH]n1
TOX27764,Cc1c(-c2ccccc2)oc2c(C(=O)OCCN3CCCCC3)cccc2c1=O
TOX27767,COc1cc(N)c(Cl)cc1C(=O)NC1CCN(Cc2ccccc2)CC1
TOX27760,CNC(C)(C)Cc1ccccc1.CNC(C)(C)Cc1ccccc1
TOX9317,C=CC(C)CCCC(C)(C)O
TOX9310,CC(C)(C)CC(C)(C)c1ccc(Nc2ccc(C(C)(C)CC(C)(C)C)cc2)cc1
TOX6164,Cc1ccccc1N
TOX9649,NCc1cccc(CN)c1
TOX5152,COC(=O)CCC(=O)OC
TOX5150,COP(=O)(O)OC
TOX5156,CNC(=O)NC
TOX25624,OCC(O)CN1CCN(c2ccccc2)CC1
TOX20236,O=c1cc(CO)occ1O
TOX20234,Nc1nc(N)nc(-c2cc(Cl)ccc2Cl)n1
TOX919,NC(=S)Nc1cccc2ccccc12
TOX913,c1ccc2ccccc2c1
TOX912,CCn1cc(C(=O)O)c(=O)c2ccc(C)nc21
TOX2096,CCCSSCCC
TOX25480,NC[C@H]1O[C@H](O[C@@H]2[C@@H](N)C[C@@H](N)C(O)[C@H]2O[C@@H]2O[C@H](CO)[C@@H](O)[C@H]2O)[C@H](N)[C@@H](O)[C@@H]1O
TOX25488,Nc1cc(C(Cl)=C(Cl)Cl)c(S(N)(=O)=O)cc1S(N)(=O)=O
TOX1754,CC1(C)NC(=O)NC1=O
TOX3419,CC1OC(C)OC(C)O1
TOX24681,CCN(CC)CCCC(C)Nc1ccnc2cc(Cl)ccc12
TOX24680,NCCCN(CCO)CCO
TOX24684,O=C([O-])C1=NN(c2ccc(S(=O)(=O)O)cc2)C(=O)C1
TOX1928,CCOCCOC(C)=O
TOX1929,CCCCCCBr
TOX1923,C1CCCCC1
TOX4500,Nc1cc(S(=O)(=O)O)ccc1O
TOX1924,c1ccncc1
TOX13264,FB(F)F
TOX2007,CCCCOCCCC
TOX1029,CN(C)N=O
TOX262,Nc1cc(Cl)cc(C(=O)O)c1Cl
TOX265,O=C(N[C@H](CO)[C@H](O)c1ccc([N+](=O)[O-])cc1)C(Cl)Cl
TOX29107,CCCn1cc[n+](C)c1.F[B-](F)(F)F
TOX29100,CCCC[P+](CC)(CCCC)CCCC.CCOP(=O)([O-])OCC
TOX21487,CCC(C)(CCCC(C)C)OC(C)=O
TOX21484,CC/C=C\CCOC(C)=O
TOX6954,O=C1c2ccccc2C(=O)N1CO
TOX25424,CCn1cc(C(=O)O)c(=O)c2cnc(N3CCCC3)nc21
TOX24413,CCN1CCCC1=O
TOX1318,ClC(Cl)C(Cl)Cl
TOX1317,ClCC(Cl)(Cl)Cl
TOX4143,O=C=NCCCCCCN=C=O
TOX9128,OCC1CCCO1
TOX9122,O=C(OC(=O)c1ccccc1)c1ccccc1
TOX9127,CCOC(=O)C(C)O
TOX9124,Cc1cc(C)c(C)cc1C
TOX17551,CN(C)C(=O)Nc1ccccc1
TOX17806,Nc1nc(N)nc(Cl)n1
TOX24948,COC(=O)c1cc(Cl)ccc1[N+](=O)[O-]
TOX24945,OCCSCSCCO
TOX24947,C=CC(=O)N1CCOCC1
TOX2666,C[N+](C)(C)CC(=O)[O-]
TOX6318,Cl[Zr](Cl)(C1=CC=CC1)C1C=CC=C1
TOX5361,C=C(C)C(=O)OCC1CO1
TOX25540,Cc1cccc(C)c1NC(=O)C(C)N
TOX13433,COC1=CC(=O)OC(CCc2ccccc2)C1
TOX14764,COc1cc(OC)nc(NC(=O)NS(=O)(=O)c2ncccc2C(=O)N(C)C)n1
TOX7044,CC(=O)[O-].[Na+]
TOX7043,CC(=O)[O-].[K+]
TOX7049,C=C1CCC2CC1C2(C)C
TOX4966,Nc1ccc(Cl)cc1Cl
TOX13923,CC12CC1(C)C(=O)N(c1cc(Cl)cc(Cl)c1)C2=O
TOX27116,C=C(C)[C@@H]1CC[C@@H](C)C[C@@H]1O
TOX7436,O=[PH](O)c1ccccc1
TOX7432,CN(C)CCC#N
TOX7433,CO[Si](CCCNCCN)(OC)OC
TOX27115,CC(C)=CCCC(C)=CC(=O)O
TOX7438,CCCCO[PH](=O)OCCCC
TOX26161,O=C(O)CNC(=O)c1ccccc1I
TOX26163,CCNC(=O)NCc1cccc(Cl)c1
TOX27567,CCC(C)C(=O)OCCc1ccccc1
TOX27565,FC(F)(F)C(F)(F)C(F)(F)C(F)(F)C(F)(F)C(F)(F)CCI
TOX27562,C/C=C(\C)C(=O)OCC/C=C\CC
TOX27560,CC/C=C\CCOC(=O)CCCCC
TOX5569,Cc1ccccc1C(N)=O
TOX21675,CC(=O)O[C@@H]1CC2CCC1(C)C2(C)C
TOX5567,COC(=O)c1ccccc1N
TOX8001,CC(C)(c1ccc(Oc2ccc3c(c2)C(=O)OC3=O)cc1)c1ccc(Oc2ccc3c(c2)C(=O)OC3=O)cc1
TOX27781,CC1(C)S[C@@H]2[C@H](NC(=O)Cc3ccccc3)C(=O)N2[C@H]1C(=O)O.CC1(C)S[C@@H]2[C@H](NC(=O)Cc3ccccc3)C(=O)N2[C@H]1C(=O)O.c1ccc(CNCCNCc2ccccc2)cc1
TOX27780,CCC[C@@H]1C[C@@H](C(=O)N[C@H]([C@@H](C)O)[C@H]2O[C@H](SC)[C@H](O)[C@@H](O)[C@H]2O)N(C)C1
TOX27784,CC(CN(C)C)C(C)(O)Cc1ccc(Cl)cc1
TOX5879,O=C(O)C=Cc1ccc(C=CC(=O)O)cc1
TOX6148,CC(C)[C@]12CC(=O)[C@H](C)[C@H]1C2
TOX9661,CC(CCO)CC(C)(C)C
TOX21925,CCSC(=O)N(CC)CC
TOX21927,CCCCc1c(C)nc(NCC)nc1O
TOX21920,CCCCC(CC)COCCO
TOX22327,COCCCOCCCOC
TOX22320,O=N[O-]
TOX4774,FC(F)(F)c1ccccc1Cl
TOX4775,ClCCBr
TOX4772,O=C(O)c1ccc(Cl)cc1
TOX4773,FC(F)(F)c1cccc(Cl)c1
TOX533,C1COCCO1
TOX7234,COC(=O)C(C)(C)C
TOX7233,CC(Br)C(=O)O
TOX3927,Brc1ccc(Oc2ccccc2)cc1
TOX3437,CC(=O)CCCCn1c(=O)c2c(ncn2C)n(C)c1=O
TOX1690,CCCCCCCCCCC(=O)O
TOX2341,COc1nc(NC(C)C)nc(NC(C)C)n1
TOX13241,CC(=O)CCc1ccccc1
TOX3691,COc1cccc([C@@]2(O)CCCC[C@@H]2CN(C)C)c1
TOX792,O=c1ccc(=O)[nH][nH]1
TOX24553,Cc1ccccc1S(=O)(=O)[O-]
TOX24682,C=C(C)C(=O)NCCC[N+](C)(C)C
TOX240,O=C1CCCCCN1
TOX246,NC(=O)Nc1ccc([As](=O)(O)O)cc1
TOX245,NC(=O)NNc1ccccc1
TOX244,NNC(N)=O
TOX29126,CCn1cc[n+](C)c1
TOX2411,CC(C)(C)c1cc(Cc2cc(C(C)(C)C)c(O)c(C(C)(C)C)c2)cc(C(C)(C)C)c1O
TOX22521,Cc1c(C(N)=O)cc([N+](=O)[O-])cc1[N+](=O)[O-]
TOX25202,CN/C(=N\c1ccc(C2=NNC(=O)CC2C)cc1)NC#N
TOX25206,O=c1[nH]oc2c1CCNC2
TOX27597,CC(COCCO)OCCO
TOX26570,O=C(Cn1ccnc1[N+](=O)[O-])NCc1ccccc1
TOX20800,CC(O)(P(=O)(O)O)P(=O)(O)O
TOX20802,CC(C)CCCCCCc1ccc(OCCOCCO)cc1
TOX1921,OCC#CCO
TOX7595,CCCCCCCCS(=O)(=O)[O-]
TOX7598,CC(C)OB(OC(C)C)OC(C)C
TOX7837,CCC(O)OCC(C)OC(O)CC
TOX26126,CC[C@@]1(c2ccccc2)NC(=O)N(C)C1=O
TOX4164,COC(=O)c1ccccc1CS(=O)(=O)NC(=O)Nc1nc(OC)cc(OC)n1
TOX4166,O=C1C=CC(=O)O1
TOX1196,CC(C)Nc1nc(Cl)nc(NC(C)C)n1
TOX1195,O=S1(=O)CCCO1
TOX27040,CCC(C)(CCC(C)C)C(=O)[O-].CCC(C)(CCC(C)C)C(=O)[O-].[Zn+2]
TOX27042,CC(=O)/C=C/C1C(C)=CCC(C)C1(C)C
TOX27044,CCCCCCCCCCCC(=O)OCC
TOX27045,C=C1[C@H]2CC[C@@H]3[C@H]2C(C)(C)CCC[C@]13C
TOX24961,CC(C)C1OCCN1CCOC(=O)NCCCCCCNC(=O)OCCN1CCOC1C(C)C
TOX6088,Clc1ccc(Cl)c(Cl)c1Cl
TOX2647,NS(=O)(=O)c1cc2c(cc1C(F)(F)F)NC(Cc1ccccc1)NS2(=O)=O
TOX2644,CCN(CC)CCOC(=O)C(O)(c1ccccc1)c1ccccc1
TOX2643,CCC1(CC)C(=O)NC(=O)NC1=O
TOX2640,C[C@H]1[C@H](NC(=O)C(=NOC(C)(C)C(=O)O)c2csc(N)n2)C(=O)N1S(=O)(=O)O
TOX6080,O=C(O)c1ccc(C(=O)O)cc1
TOX5693,C=CCc1cc(OC)c2c(c1)OCO2
TOX1731,CO
TOX1739,CCCO
TOX25788,c1ccc2cc(CC3=NCCN3)ccc2c1
TOX6339,Cc1c(C)c2c(c(C)c1O)CC[C@@](C)(CCC[C@H](C)CCC[C@H](C)CCCC(C)C)O2
TOX25783,Cc1cccc(C)c1OCC(C)N
TOX5346,CC(=O)OCc1ccco1
TOX5347,OCc1ccco1
TOX12631,COCC(=O)N(c1c(C)cccc1C)N1CCOC1=O
TOX25562,CCN(CCCc1ccccc1)CCCc1ccccc1.O=C(O)CC(O)(CC(=O)O)C(=O)O
TOX3591,C1CCN2C[C@@H]3C[C@@H](CN4CCCC[C@H]34)[C@@H]2C1
TOX21847,CCCCOC(=O)CCCCCCCCC(=O)OCCCC
TOX16299,CCCCCCCCN(C)C
TOX7066,CCCCCCCCCCCC(=O)N(C)CC(=O)[O-]
TOX3771,Nc1ncnc2c1ncn2[C@H]1CC[C@@H](CO)O1
TOX3775,O=C1[N-]C(=O)C(c2ccccc2)(c2ccccc2)N1
TOX28648,O=C(OCC1(COC(=O)c2cccnc2)CCCC(COC(=O)c2cccnc2)(COC(=O)c2cccnc2)C1O)c1cccnc1
TOX7452,COc1cc(Cl)ccc1Cl
TOX7454,CC(=O)CC(=O)N(C)C
TOX26142,Cc1cccc(C)c1NC(=O)CN1CCCCCC1
TOX26147,O=C(CN1CCNCC1)NC1CCCCC1
TOX27547,COC(CC(C)CCCC(C)(C)O)OC
TOX27543,COC(=O)C(C)N(C(=O)c1ccco1)c1c(C)cccc1C
TOX27549,CCOC(=O)CC1(C)OCC(C)O1
TOX5502,C=CC(C)(O)CCC=C(C)C
TOX5503,C=CC(C)(CCC=C(C)C)OC(=O)c1ccccc1N
TOX6851,COCCC#N
TOX12998,O=C(O)CCSSCCC(=O)O
TOX11462,CCCC[n+]1ccccc1
TOX11461,CCCCn1cc[n+](C)c1
TOX11460,CCCC[N+]1(C)CCCC1
TOX13047,CSc1ccc(C=O)cc1
TOX1404,CNC(=S)N(C)C
TOX22343,CCCOCCC
TOX10336,N#CCCCl
TOX7214,O=C([O-])C(=O)[O-].[Ca+2]
TOX7218,CCc1cccc(CC)c1N
TOX7219,O=C([O-])c1ccccc1
TOX24570,NCCN
TOX24572,OCCC(F)(F)C(F)(F)C(F)(F)C(F)(F)C(F)(F)C(F)(F)F
TOX27844,COc1ccc(CCN(C)CCCC(C#N)(c2cc(OC)c(OC)c(OC)c2)C(C)C)cc1OC
TOX25993,OC[C@H]1O[C@@H](n2cnc3c(O)ncnc32)[C@H](O)[C@@H]1O
TOX516,CN(C)N
TOX515,CN(C)C=O
TOX512,CN(C)C(=O)Cl
TOX25191,CN/C(=C\[N+](=O)[O-])NCCSCc1ccc(CN(C)C)o1
TOX25195,CCCN(CCC)CCc1cccc2c1CC(=O)N2
TOX25196,COc1ccccc1OCC(O)CN1CCN(CC(=O)Nc2c(C)cccc2C)CC1
TOX2361,C=CC1(C)OC(=O)N(c2cc(Cl)cc(Cl)c2)C1=O
TOX3011,CCN(CC)S(=O)(=O)c1ccc(C(=O)O)cc1
TOX3019,CCC1(C)CC(=O)NC1=O
TOX22507,NC(=O)Nc1ccccc1
TOX22503,CCCCOC(CC)OC(C)COC(O)CC
TOX6623,CC(C)(C)C1CCC(O)CC1
TOX2927,O=c1[nH]cnc2c1ncn2[C@H]1CC[C@@H](CO)O1
TOX24744,CCc1nc(C)c[nH]1
TOX24745,CC1(C)C(=O)C(C)(C)C1=O
TOX6994,CCCCCCCCCCCCc1ccccc1
TOX6991,CCOP(OCC)OCC
TOX6998,CC(C)CC(=O)CC(C)CC(C)C
TOX7868,CCCCCCC(C)(C)S
TOX7866,CCc1ccccc1CC
TOX4100,CCOC(=O)COC(=O)c1ccccc1C(=O)OCC
TOX4107,Cn1cc(-c2ccccc2)c(=O)c(-c2cccc(C(F)(F)F)c2)c1
TOX4105,c1ccc2c(c1)Cc1ccccc1-2
TOX27682,CC(=O)CC(C)(C)C1CCCCC1
TOX4108,CC(C)C(O)(c1ccc(OC(F)(F)F)cc1)c1cncnc1
TOX17596,CCNc1nc(NCC)nc(SC)n1
TOX27068,CC(=O)OC/C=C(/C)CCC=C(C)C
TOX27066,CCCC(=O)C(C)=O
TOX27064,O=C(O)CCc1ccccc1
TOX27065,COc1ccccc1OC
TOX27062,CCC/C=C/CO
TOX27060,COc1cccc(OC)c1
TOX18852,O=S(=O)(O)c1ccc2[nH]c(-c3ccccc3)nc2c1
TOX27082,CCC(C)c1nccnc1OC
TOX24904,Cc1cc(C(=C2C=CC(=Nc3ccc(S(=O)(=O)[O-])cc3S(=O)(=O)O)C=C2)c2ccc(Nc3ccc(S(=O)(=O)[O-])cc3)cc2)ccc1N
TOX24900,OCC1CC2CC1C1CCC(CO)C21
TOX24902,CCC(C)(CCC(C)C)C(=O)[O-].CCC(C)(CCC(C)C)C(=O)[O-]
TOX24908,CC1(C)C(O)C(C)(C)C1O
TOX25710,CCC1(c2ccccc2)C(=O)N(COC)C(=O)N(COC)C1=O
TOX22423,CC(=O)OC[C@H]1O[C@H](O[C@]2(COC(C)=O)O[C@H](COC(C)=O)[C@@H](OC(C)=O)[C@@H]2OC(C)=O)[C@H](OC(C)=O)[C@@H](OC(C)=O)[C@@H]1OC(C)=O
TOX22422,OCC(O)c1ccccc1
TOX1718,c1ccc(CC2=NCCN2)cc1
TOX2193,C=C(C)C(=O)OCc1ccccc1
TOX2191,C=C(C)C(=O)OCC1CCCO1
TOX2194,C=CC(=O)OCCCCCC
TOX12615,Cc1ccn2nc(S(=O)(=O)Nc3c(F)cccc3F)nc2n1
TOX12611,CCCSP(=O)(OCC)SCCC
TOX25506,O=C(O)/C=C/c1ccc(Cn2ccnc2)cc1
TOX25500,CS(=O)(=O)c1ccc([C@@H](O)[C@@H](CF)NC(=O)C(Cl)Cl)cc1
TOX25508,C[C@@H]1CN([C@H]2CC[C@](C#N)(c3ccc(F)cc3)CC2)CC[C@]1(C(=O)O)c1ccccc1
TOX3718,Cc1ccc(/C(=C\CN2CCCC2)c2ccccn2)cc1
TOX3713,COc1cc(C(=O)N2CCOCC2)cc(OC)c1OC
TOX3712,COc1cc(Cc2cnc(N)nc2N)cc(OC)c1OC
TOX4921,NC1CCC(CC2CCC(N)CC2)CC1
TOX4922,NCCCCCCN
TOX167,CC(CCl)OC(C)CCl
TOX164,OCC(CO)(CBr)CBr
TOX168,ClCCOCCCl
TOX2977,O=C(O)CN(CCN(CC(=O)O)CC(=O)O)CC(=O)O
TOX7471,CCCCCCCCCCCCCCCl
TOX21507,COc1ccc(Cl)cc1C
TOX5523,Cc1occc(=O)c1O
TOX2973,O=C(CCCN1CC=C(n2c(=O)[nH]c3ccccc32)CC1)c1ccc(F)cc1
TOX6872,CCCCN=C=O
TOX6878,OCCSCCO
TOX4738,C=C(C)C1CC=C(C)C(OC(C)=O)C1
TOX4739,C=C1CCC=C(C)CC[C@@H]2[C@@H]1CC2(C)C
TOX4733,CCCC(C)(COC(N)=O)COC(=O)NC(C)C
TOX4736,C=C(C)C1CC=C(C)C(O)C1
TOX7270,CCCCCCCCCCCCCCCO
TOX3966,CCC(C)Cl
TOX759,CC1=CC(=O)CC(C)(C)C1
TOX4512,Nc1cccc(C(F)(F)F)c1
TOX757,O=C(O)c1ccncc1
TOX756,NC(=O)c1ccncc1
TOX750,CC(C)CON=O
TOX753,OC[C@H]1O[C@H](OC[C@@H](O)[C@@H](O)[C@H](O)[C@H](O)CO)[C@H](O)[C@@H](O)[C@@H]1O
TOX752,FC(F)OC(Cl)C(F)(F)F
TOX24591,CCCCN1C(=O)c2ccccc2C1=O
TOX24599,CCCCCCCCOCCC#N
TOX6275,CCCCC#N
TOX27860,CCn1cc[n+](C)c1.N#C[S-]
TOX5063,CCCCC(=O)N(C)C
TOX4145,CN(C)c1nc(=O)n(C2CCCCC2)c(=O)n1C
TOX14465,CN/C(=N\[N+](=O)[O-])NCc1cnc(Cl)s1
TOX3038,CC(=O)OCC(CCn1cnc2cnc(N)nc21)COC(C)=O
TOX3039,NC(N)=Nc1nc(CSCC/C(N)=N\S(N)(=O)=O)cs1
TOX3031,Cn1c(=O)c2c(ncn2CCO)n(C)c1=O
TOX6605,CO[C@H]1O[C@H](CO)[C@@H](O)[C@H](O)[C@H]1O
TOX6600,O=C1OCCO1
TOX6608,C=C(CC(=O)O)C(=O)O
TOX6609,CC(C)C(=O)OC(=O)C(C)C
TOX286,Cc1ccc(N)cc1Cl
TOX285,CC(O)CCl
TOX15753,CCCCN(CCC(=O)OCC)C(C)=O
TOX14803,COc1cnc(OC)n2nc(NS(=O)(=O)c3c(OCC(F)F)cccc3C(F)(F)F)nc12
TOX9652,C=CC(=O)OC(C)(C)C
TOX9653,N#C[S-]
TOX9655,CC1(C)CC(O)CC(C)(C)N1
TOX1897,Cc1cccnc1
TOX1894,OC1CCCCC1
TOX1892,Cc1ccncc1
TOX1890,CC(C)OC(C)C
TOX22196,CCCCOC(=O)C(C)O
TOX22191,CNC(=S)NC
TOX22199,O=C1CCC(=O)N1Cl
TOX22198,CCCCNS(=O)(=O)c1ccc(C)cc1
TOX7805,Cc1ccc2c(c1)C(=O)OC2=O
TOX3292,CNC(C)Cc1ccccc1OC
TOX24408,NCCN1CCOCC1
TOX21828,COP(=S)(OC)Oc1ccc(S(N)(=O)=O)cc1
TOX27660,CC1CC(C)C(=O)C1=O
TOX27662,Cc1ccc(C(C)NC(=O)[C@@H](NC(=O)OC(C)C)C(C)C)cc1
TOX27663,c1coc(Cn2cccc2)c1
TOX27667,CCCCCCCCCCC=CC#N
TOX4124,COC(=O)c1sccc1S(=O)(=O)NC(=O)Nc1nc(C)nc(OC)n1
TOX21719,CC1=NN(c2cc(Cl)c(S(=O)(=O)[O-])cc2Cl)C(=O)C1/N=N/c1ccc(S(=O)(=O)[O-])cc1
TOX27000,ClCCOCCOCCCl
TOX26638,CCC(C)(Oc1ccc(C2(c3ccc(OC(C)(CC)C(=O)O)cc3)CCCCC2)cc1)C(=O)O
TOX5659,COC(=O)c1ccccc1O
TOX5657,Cc1ccc2cccnc2c1
TOX5653,CC(C)Cc1nccs1
TOX25748,CCN(CC)CCNC(=O)c1ccc(NC(C)=O)cc1
TOX25741,COP(=O)(OC)OC(c1ccc(Cl)cc1)P(=O)(OC)OC
TOX1775,Cc1c[nH]c2ccccc12
TOX1774,c1cc2c3c(cccc3c1)CC2
TOX14252,CC/C(=N\OC/C=C/Cl)C1=C(O)CC(C2CCOCC2)CC1=O
TOX14255,NC(=O)CF
TOX24929,CCCCCCCCCCCCSC
TOX24922,O=C1CCCN1CCO
TOX24927,CCCCC(CC)CO[PH](=O)OCC(CC)CCCC
TOX25527,CCn1cc(C(=O)O)c(=O)c2cc(F)c(N3CCNC(C)C3)c(F)c21
TOX25521,O=C(NCC(O)CO)c1c(I)c(C(=O)NCC(O)CO)c(I)c(N(CCO)C(=O)CO)c1I
TOX25523,CC(=O)N(CC(O)CN(C(C)=O)c1c(I)c(C(=O)NCC(O)CO)c(I)c(C(=O)NCC(O)CO)c1I)c1c(I)c(C(=O)NCC(O)CO)c(I)c(C(=O)NCC(O)CO)c1I
TOX7390,O=S(=O)(O)c1ccccc1O
TOX7397,CCCCCCCC/C=C\CCCCCCCC(=O)OC[C@@H](O)[C@H]1OC[C@H](O)[C@H]1O
TOX28993,CC(=O)Oc1cc2c(s1)CCN(C(C(=O)C1CC1)c1ccccc1F)C2
TOX7021,CCCCOCCOCCOC(C)=O
TOX24438,O=C1CCCCO1
TOX3733,CCCC(CCC)C(=O)O
TOX24431,CC(C)(C)NCCO
TOX24435,CCN(CC)CCOC(=O)c1ccc(N)cc1
TOX24436,CC(=O)C1CCOC1=O
TOX24437,Nc1cc(N)cc(C(=O)O)c1
TOX12365,N#Cc1c(Cl)cccc1Cl
TOX144,O=C(c1ccccc1)C(O)c1ccccc1
TOX21528,N#Cc1ccncc1
TOX5896,C[C@@H](N)[C@@H](O)c1ccccc1
TOX21521,NCCCN1CCOCC1
TOX21527,CC1(C)CC(=O)CC(C)(C)N1
TOX26986,O=C(O)C(O)C(O)C(=O)O
TOX26270,CCC(C(=O)OCCOCCN(CC)CC)c1ccccc1.O=C(O)CC(O)(CC(=O)O)C(=O)O
TOX26273,Cc1ccc(S(=O)(=O)NC(=O)NC2CCCCC2)cc1
TOX26275,NS(=O)(=O)c1ccc(NC(=O)CCC(=O)O)cc1
TOX26276,COc1ccc(S(=O)(=O)Nc2nnc(CC(C)C)s2)cc1
TOX12954,CC(C)(O)C(=O)O
TOX27274,CC(Cc1ccc(OCC(=O)O)cc1)NCC(O)c1csc(C(F)(F)F)n1
TOX20724,CN1[C@H]2CC[C@@H]1C[C@H](OC(=O)C(CO)c1ccccc1)C2.CN1[C@H]2CC[C@@H]1C[C@H](OC(=O)C(CO)c1ccccc1)C2
TOX20726,Cc1c(C(=O)NCCO)[n+]([O-])c2ccccc2[n+]1[O-]
TOX2086,NC(=O)c1ccc([N+](=O)[O-])cc1
TOX22382,CCCO[Si](OCCC)(OCCC)OCCC
TOX4710,CCCC(=O)Cl
TOX1544,Oc1ccccc1Cl
TOX1546,O=C(O)CCCl
TOX27493,COc1ccc(OC)c(C(O)CNC(=O)CN)c1
TOX27491,CSc1cnccn1
TOX27490,C=CC(C)(CCC=C(C)C)OC(=O)C(C)C
TOX27497,CCCCCCCCCCOC(=O)c1ccccc1C(=O)OCCCCCCCC
TOX7259,N#Cc1cccc(C#N)c1
TOX21891,c1ccc(Cc2ccccc2)cc1
TOX28585,C[C@H]1CNCCc2ccc(Cl)cc21
TOX28586,Cc1nnc(C(=O)NC(C)(C)c2nc(C(=O)NCc3ccc(F)cc3)c(O)c(=O)n2C)o1
TOX24606,Cc1ccc(NC(=O)N(C)C)cc1NC(=O)N(C)C
TOX24604,C=COCC1CCC(COC=C)CC1
TOX24609,N#Cc1c(F)cccc1F
TOX3947,S=C=S
TOX28723,CC[N+](CC)(CC)CCOC(=O)C(C1CCCC1)C1CCCC1
TOX28725,CCOC(=O)c1ccc(OCCN2C[C@H](O)[C@@H](O)[C@H](O)[C@H]2CO)cc1
TOX6252,c1ccc(OP(Oc2ccccc2)Oc2ccccc2)cc1
TOX6259,CC(CCl)OP(=O)(OC(C)CCl)OC(C)CCl
TOX6258,ClCCOP(OCCCl)OCCCl
TOX5041,CCOC(=O)OCC
TOX2018,CCOP(=S)(OCC)SCCSCC
TOX5049,COCCOCCO
TOX2016,C1CN2CCN1CC2
TOX2014,COc1ccc(OC)cc1
TOX2010,CCCCCCCC/C=C\CCCCCCCCO
TOX3930,ClC(Cl)(Cl)Br
TOX777,CC(C)(C)NC[C@H](O)COc1cccc2c1CCCC2=O
TOX771,CC(C(=O)O)c1cccc(C(=O)c2ccccc2)c1
TOX778,C=C(C)[C@H]1CC=C(C)CC1
TOX3054,O=C(NCC1CCCCN1)c1cc(OCC(F)(F)F)ccc1OCC(F)(F)F
TOX6661,O=CC1CC=CCC1
TOX25262,CCC1(CC)C(=O)C=CNC1=O
TOX25265,Nc1ccc(S(=O)(=O)Nc2ccc(Cl)nn2)cc1
TOX805,CC1CCC(C(C)C)C(O)C1
TOX802,Nc1nc(N)nc(N)n1
TOX809,O=S(=O)([O-])CCS
TOX26047,Cc1c(I)c(=O)n(-c2ccccc2)n1C
TOX26045,CC(=O)N[C@@H](Cc1ccc(O)cc1)C(=O)O
TOX7536,CCCCCCCCCCCCCCCCCCCl
TOX7826,O=C(CC(C(=O)OC1CCCCC1)S(=O)(=O)[O-])OC1CCCCC1
TOX7822,CC(C)(C)C(=O)C(Cl)Cl
TOX27394,CCCCCCC(CCCCCCCCCCC(=O)OCC(COC(C)=O)OC(C)=O)OC(C)=O
TOX27397,COc1ccc(C(CN(C)C)C2(O)CCCCC2)cc1
TOX27642,C=CC(C)(CCC=C(C)C)OC=O
TOX27399,CC1C(C)(C)C2=C(C(=O)CCC2)C1(C)C
TOX27648,CC(=O)OCCCc1ccccc1
TOX27028,OC[C@H](O)[C@@H](O)[C@H](O[C@@H]1O[C@H](CO)[C@H](O)[C@H](O)[C@H]1O)[C@H](O)CO
TOX3688,CC1(C)O[C@@H]2CO[C@@]3(COS(N)(=O)=O)OC(C)(C)O[C@H]3[C@@H]2O1
TOX2835,C[N+]12CCC(CC1)C(OC(=O)C(O)(c1ccccc1)c1ccccc1)C2
TOX25695,COc1cc(C(=O)NCCCCCC(=O)O)cc(OC)c1OC
TOX1288,OC[C@H]1O[C@H](O[C@]2(CO)O[C@H](CO)[C@@H](O)[C@@H]2O)[C@H](O)[C@@H](O)[C@@H]1O
TOX9703,O=S(=O)([O-])[S-]
TOX6060,CC(=O)NS(=O)(=O)c1ccc(N)cc1
TOX1282,CN(N=O)C(=O)N[C@H]1[C@@H](O)O[C@H](CO)[C@@H](O)[C@@H]1O
TOX1287,O=C1CCC(=O)O1
TOX1286,c1ccc(C2CO2)cc1
TOX1284,C=Cc1ccccc1
TOX5671,C=CC(C)=O
TOX25897,O=C1C(O)=C(O)C(=O)C(O)=C1O
TOX2480,CCc1cccc(O)c1
TOX2489,O=C(O)/C=C/c1ccccc1
TOX25492,CCc1cccc(CC)c1NC(=O)CN(CC(=O)O)CC(=O)O
TOX28918,CSCC[C@H](NC(=O)[C@H](Cc1c[nH]c2ccccc12)NC(=O)CCNC(=O)OC(C)(C)C)C(=O)N[C@@H](CC(=O)O)C(=O)N[C@@H](Cc1ccccc1)C(N)=O
TOX25093,O=C(O)CCc1nc2ccccc2[nH]1
TOX3536,CC(O)Cn1cnc2c1c(=O)n(C)c(=O)n2C
TOX1027,O=NN(CCO)CCO
TOX1026,CCCCN(CCCC)N=O
TOX1757,C#CC1(O)CCCCC1
TOX4504,Nc1cccc2c(O)nnc(O)c12
TOX1022,CC(=O)CN(CC(C)=O)N=O
TOX1752,CC(=O)C(C)(C)C
TOX1759,CC(C)CO
TOX24414,Nc1cc(C(=O)O)ccc1Cl
TOX3286,COc1ccccc1OCC(O)COC(N)=O
TOX128,CCC1(CC)C(=O)N=C([O-])NC1=O
TOX121,[N-]=[N+]=[N-]
TOX21185,N#CCc1ccc(Cl)cc1Cl
TOX5873,O=C(O)COc1ccccc1
TOX26891,Cc1cc(C)c(NC(=O)CN(CC(=O)O)CC(=O)O)c(C)c1Br
TOX6830,CC(C)(O)CCC(C)(C)O
TOX6838,CCCCCCCCCCCCCC(=O)OC(C)C
TOX16105,CC(=O)OC1CCCCC1C(C)(C)C
TOX22014,ON=CC=NO
TOX27258,CN(C(=O)Cc1cccc2occc12)[C@H]1CC[C@@]2(CCCO2)C[C@@H]1N1CCCC1
TOX20702,Cc1ccc(Cl)cc1Cl
TOX20703,CC(C)(C)c1ccc(C(=O)O)cc1
TOX20700,CO[Si](OC)(OC)c1ccccc1
TOX4087,CCOCCO
TOX4085,O=P(O)(O)CCCl
TOX1411,O=P(OCCCl)(OCCCl)OCCCl
TOX10428,O=Cc1ccc(CO)o1
TOX1561,NC(=O)C(Cl)Cl
TOX24620,COC(=O)c1ccc(C(=O)OC)c(C(=O)OC)c1
TOX24622,CCOC(=O)/C=C(/C)O[AlH3](OC(C)CC)OC(C)CC
TOX24625,O=CN(CCO)CCO
TOX24624,C=CC(=O)OCCCCCCCC
TOX24627,On1nnc2ccccc21
TOX28708,O=C(COCCOCCOCC(=O)Nc1c(I)cc(I)c(C(=O)O)c1I)Nc1c(I)cc(I)c(C(=O)O)c1I
TOX28709,O=C(O)Cc1cccc(-c2cc(CCCCCCc3ccc(O[C@H]4O[C@H](CO)[C@@H](O)[C@H](O)[C@@H]4O)c(-c4cccc(CC(=O)O)c4)c3)ccc2O[C@H]2O[C@H](CO)[C@@H](O)[C@H](O)[C@@H]2O)c1
TOX28707,C[N+]1(CC2COC(c3ccccc3)(c3ccccc3)O2)CCCCC1
TOX27826,C#CCN[C@@H]1CCc2ccccc21
TOX6238,CN(C)C
TOX6235,O=C(O)c1ccc2c(c1)C(=O)OC2=O
TOX5023,C1=CC2C3C=CC(C3)C2C1
TOX2035,CC1(C)[C@H]2CC[C@]1(C)[C@H](O)C2
TOX27,C=CC(N)=O
TOX20,CC(=O)Nc1ccc(CC(=O)O)cc1
TOX29,C=CC#N
TOX713,NS(=O)(=O)c1cc2c(cc1Cl)NCNS2(=O)=O
TOX12442,O=[N+]([O-])/N=C1\NCCN1Cc1ccc(Cl)nc1
TOX25280,OC(c1ccccc1)(c1ccccc1)C1CCNCC1
TOX25281,O=C(O)CCC(=O)Nc1ccc(S(=O)(=O)Nc2nccs2)cc1
TOX25287,Nc1ccc(S(=O)(=O)NC(=O)c2ccccc2)cc1
TOX6641,O=C(Cl)c1cccc(C(=O)Cl)c1
TOX6647,O=C(O)c1ccc(O)cc1
TOX6645,Cc1ccc(C(C)C)cc1
TOX829,COC(C(=O)O)c1ccccc1
TOX2549,CC(=O)Nc1c(I)cc(I)c(C(=O)O)c1I
TOX17680,CCn1cc(C(=O)O)c(=O)c2cc(F)c(N3CCNCC3)cc21
TOX7518,CCCCO[AlH3](OCCCC)OCCCC
TOX7513,C=CS(=O)(=O)[O-]
TOX7512,CN(C)CCOCCN(C)C
TOX21280,CC1(C)CC(O)CC(C)(C)N1[O]
TOX14849,CCCOC(=O)NCCCN(C)C
TOX26066,Nc1ccc(C(=O)[O-])c(O)c1
TOX27628,C1CCC(SSC2CCCCC2)CC1
TOX27624,C=CCCCCCCCCC(=O)OCCCC
TOX21756,CCNC(=O)C(C)OC(=O)Nc1ccccc1
TOX26395,Cc1ccc(S(=O)(=O)NC(=O)NC2CCCC2)cc1
TOX26394,Cc1ccc(S(=O)(=O)NC(=O)NC2CCCCCCC2)cc1
TOX26392,NC(=S)N/N=C/c1cccnc1
TOX26390,Cc1cc(NS(=O)(=O)c2ccc(N)cc2)nc(C)n1
TOX13371,OC1CCCC1
TOX9761,O=c1nc([O-])n(Cl)c(=O)n1Cl
TOX5610,COC(=O)c1ccc(C=O)cc1
TOX5612,CC(C#N)CCC#N
TOX5617,Cc1c[nH]cn1
TOX26938,Cn1c(=O)c2c(ncn2C)n(C)c1=O.O=C(O)CC(O)(CC(=O)O)C(=O)O
TOX25400,Cn1c([N+](=O)[O-])cnc1COC(N)=O
TOX25707,COC(=O)c1cncn1C(C)c1ccccc1
TOX25709,CN1CCN(c2c(F)cc3c(=O)c(C(=O)O)cn4c3c2SCC4)CC1
TOX28933,CC(C)C(=O)c1c(C(C)C)nn2ccccc12
TOX4691,CCCCOCC1CO1
TOX4699,CC(C)(C)OOC(=O)c1ccccc1
TOX7358,O=C1[N-]C(=O)c2ccccc21
TOX7356,C=C[Si](OCCOC)(OCCOC)OCCOC
TOX7352,CCCCCCCCCCCl
TOX3516,CCCN(CCC)C(=O)C(CCC(=O)O)NC(=O)c1ccccc1
TOX3510,CCC1(c2ccccc2)C(=O)NCNC1=O
TOX4522,CCCCCON=O
TOX21117,CC[C@H]1OC(=O)[C@H](C)[C@@H](O[C@H]2C[C@@](C)(OC)[C@@H](O)[C@H](C)O2)[C@H](C)[C@@H](O[C@@H]2O[C@H](C)C[C@H](N(C)C)[C@H]2O)[C@](C)(O)C[C@@H](C)C(=NOCOCCOC)[C@H](C)[C@@H](O)[C@]1(C)O
TOX24470,CCC(=O)c1ccccc1
TOX24472,CCOC(=O)C(=O)OCC
TOX24473,O=S(=O)(O)c1ccc(Cl)cc1
TOX24479,CCO[Si](CCCS)(OCC)OCC
TOX105,O=C1O[C@H]([C@@H](O)CO)C([O-])=C1O
TOX452,C1C2OC2C2C1C1CC2C2OC12
TOX108,CC(=O)Oc1ccccc1C(=O)O
TOX459,CCN(CC)C(C)=O
TOX29364,N#C[N-]C#N
TOX12582,NCCO.O=C(O)c1nc(Cl)ccc1Cl
TOX4980,O=C(O)c1ccc(Cl)c(Cl)c1
TOX21672,CCOC(=S)SSC(=S)OCC
TOX11356,N[C@H]1C(O)O[C@H](CO)[C@H](O)[C@@H]1O
TOX22038,CCCCCCCOC(=O)CCC
TOX7982,CC(C)CCCCCCOC(=O)CCCCC(=O)OCCCCCCC(C)C
TOX7983,CCC(O)OCCCOC
TOX4062,Cc1ccc(O)cc1C
TOX4063,Cc1cccc(C)c1O
TOX7,CC(=O)c1ccc(S(=O)(=O)NC(=O)NC2CCCCC2)cc1
TOX6,CC(=O)Nc1ccc(O)cc1
TOX5,CC(N)=O
TOX9,CC#N
TOX24868,CC(=O)Nc1ccc(C)cc1C
TOX28544,CC1(C)S[C@@H]2[C@H](NC(=O)[C@@H](c3ccccc3)S(=O)(=O)[O-])C(=O)N2[C@H]1C(=O)[O-]
TOX24863,CCOC(=O)CC(C(C)=O)C(C)=O
TOX24860,Cc1cccc(N)n1
TOX24867,C=C(C)C(=O)OCC(C)(C)COC(=O)C(=C)C
TOX28764,COc1cc(C(=O)OC(COCCC(C)C)CN2CCOCC2)cc(OC)c1OC
TOX28762,O=C1[C@H]2[C@@H]3CC[C@@H](C3)[C@H]2C(=O)N1CCCCN1CCN(c2ncccn2)CC1
TOX28763,CC(COc1ccccc1)NN
TOX9247,CC(C)(O)c1ccc(C(C)(C)O)cc1
TOX9244,C1C[C@H]2[C@@H]3CC[C@H](C3)[C@H]2C1
TOX9240,C=C[Si](OC)(OC)OC
TOX2056,Clc1cccc(Cl)c1
TOX2058,CCCCSCCCC
TOX4152,CC(C)C1(C)N=C(c2nc3ccccc3cc2C(=O)O)NC1=O
TOX18756,O=Cc1ccc(F)cc1
TOX597,OCCO
TOX596,CCc1ccccc1
TOX593,CCN(N=O)C(N)=O
TOX7163,CNC
TOX7169,O=C(O)[C@H](O)[C@@H](O)[C@H](O)[C@H](O)CO
TOX841,COc1ccc([C@@H]2CC(=O)c3c(O)cc(O[C@@H]4O[C@H](CO[C@@H]5O[C@@H](C)[C@H](O)[C@@H](O)[C@H]5O)[C@@H](O)[C@H](O)[C@H]4O)cc3O2)cc1OC
TOX22097,CC1OC1C1CCC2(C)OC2C1
TOX845,COS(C)(=O)=O
TOX844,C=C(C)C(=O)OC
TOX1839,NCc1ccccc1
TOX1837,CCN(CC)CCO
TOX1831,Cc1cccc([N+](=O)[O-])c1
TOX9668,O=[N+]([O-])[O-].[NH4+]
TOX24475,CC(C)[C@H]1CC[C@@H](C)CC1=O
TOX6141,O=C(O)CS
TOX7577,CC(CO)(CO)C(=O)O
TOX7579,OCCOCCOCCOCCOCCO
TOX24471,COC(=O)c1cccnc1
TOX26007,CNCc1ccccc1
TOX27603,CC(C)CC(=O)OCc1ccccc1
TOX27601,CC(C)(O)Cc1ccccc1
TOX27604,CCCC(=O)OCCc1ccccc1
TOX27608,CC(C)C(=O)OCC=Cc1ccccc1
TOX27609,CCCCC1CCC(=O)O1
TOX2871,NS(=O)(=O)c1cc2c(cc1Cl)NC(C1CC3C=CC1C3)NS2(=O)=O
TOX26193,Cc1ccc2c(c1)C1CN(C)CCC1N2
TOX6022,Nc1ccc([As](=O)([O-])O)cc1
TOX26196,O[C@H]1CO[C@@H]2[C@H](O)CO[C@H]12
TOX2918,O[C@H](CBr)[C@@H](O)[C@H](O)[C@H](O)CBr
TOX2910,OC[C@H]1OC(O)[C@H](O)[C@@H](O)[C@@H]1O
TOX2914,CC1=Nc2ccc(Cl)cc2S(=O)(=O)N1
TOX26911,CCOCCn1c(N2CCCN(C)CC2)nc2ccccc21
TOX26912,CCOC(=O)[C@H](CCc1ccccc1)N[C@@H](C)C(=O)N1C(=O)N(C)C[C@H]1C(=O)O
TOX22209,CCCCCCCCN(C)CCCCCCCC
TOX14232,CC(Oc1cccc(Cl)c1)C(=O)O
TOX24989,O=Cc1ccc(F)c(Br)c1
TOX24985,C=COCCOCCOC=C
TOX24980,CN(C)CCCNCCC#N
TOX1799,CCN(CC)C1CCCCC1
TOX1798,c1ccc2ncccc2c1
TOX1790,O=[N+]([O-])c1ccccc1O
TOX1060,O=NN1CCCCC1
TOX24227,CCCN[C@H]1CCc2nc(N)sc2C1
TOX694,CN(C)P(=O)(N(C)C)N(C)C
TOX696,CCCCCC(N)=O
TOX7085,CCCCOCCOCCOC(=O)CCCCC(=O)OCCOCCOCCCC
TOX2267,CNC(=O)ON=C(C)SC
TOX3792,Cc1ccc([N+](=O)[O-])cc1
TOX24458,O=S(=O)([O-])CCN1CCN(CCO)CC1
TOX24320,CCNCC
TOX24450,CCCOC(OCCC)OCCC
TOX24456,Nc1cc[nH]c(=O)n1
TOX21137,CC[N+](CC)(CC)CC
TOX474,O=C1CCc2ccccc2O1
TOX479,CNC(=O)CSP(=S)(OC)OC
TOX3132,NS(=O)(=O)c1cc2c(cc1C(F)(F)F)NCNS2(=O)=O
TOX6566,COC(=O)C1CCC(C(=O)OC)CC1
TOX15616,O=[N+]([O-])c1ccccc1[O-]
TOX26748,C=CCn1c(=O)n([C@@H]2O[C@H](CO)[C@@H](O)[C@H]2O)c2nc(N)[nH]c(=O)c21
TOX26215,CCC1Nc2cc(Cl)c(S(N)(=O)=O)cc2S(=O)(=O)N1
TOX22059,CCCC(=O)OCCC(C)C
TOX4304,CCCC(=NOCC)C1=C(O)CC(CC(C)SCC)CC1=O
TOX7966,O=C([O-])[C@H](O)[C@H](O)[C@@H](O)[C@H](O)[C@H](O)CO
TOX4045,CCOS(=O)(=O)OCC
TOX27162,C=CC(=O)CCCCC
TOX27161,CC(=O)CCc1ccc2c(c1)OCO2
TOX27160,C=CC(C)(CCC=C(C)C)OC(=O)CC(C)C
TOX27167,CNC(C)=O
TOX27166,COc1ccc(CCC(C)=O)cc1
TOX24840,C=C(C)CS(=O)(=O)[O-]
TOX24842,C[Si](NC1CCCCC1)(NC1CCCCC1)NC1CCCCC1
TOX24849,Nc1nc(=S)[nH][nH]1
TOX5794,O=[N+]([O-])c1cccc(C(F)(F)F)c1
TOX5796,CCCCCCCCC
TOX5793,O=[N+]([O-])c1ccccc1C(F)(F)F
TOX1477,F[B-](F)(F)F
TOX1472,CCOC(=O)N(C)N=O
TOX9260,O=C1NCCN1CCO
TOX9263,CNCCS(=O)(=O)[O-]
TOX3081,OC[C@H]1O[C@](O)(CO)[C@@H](O)[C@@H]1O
TOX25131,c1ccc(C2CC2)c(OCC2=NCCN2)c1
TOX25138,Clc1cccc(N2CCNCC2)c1
TOX25139,NC(Cc1ccc(Cl)cc1)C(=O)O
TOX28748,O=C(NN1CCCC1)NS(=O)(=O)c1ccc(Cl)cc1
TOX18732,CCOC(=O)CCC(=O)OCC
TOX28743,O=[N+]([O-])c1nccn1CO[C@@H](CO)[C@H](O)CO
TOX28741,CCCCCC1Nc2cc(C(F)(F)F)c(S(N)(=O)=O)cc2S(=O)(=O)N1
TOX28747,CO/N=C(/C(=O)N[C@@H]1C(=O)N2C(C(=O)O)=C(Cn3nnc(C)n3)CS[C@H]12)c1csc(N)n1
TOX28745,CC(=O)OCC(=O)Nc1cc(C#N)cc(NC(=O)COC(C)=O)c1Cl
TOX863,C[C@](N)(Cc1ccc(O)c(O)c1)C(=O)O.C[C@](N)(Cc1ccc(O)c(O)c1)C(=O)O
TOX7148,FC(F)(F)C(Cl)(Cl)Cl
TOX7149,N#CCC(=O)O
TOX868,ClCCl
TOX7142,FC(F)(F)c1ccc(Cl)c(Cl)c1
TOX1816,C=CCOC(=O)C(=C)C
TOX1810,Nc1ccccc1Cl
TOX1818,CCC(C)C=O
TOX4821,FC(F)(F)c1ccc(Cl)cc1
TOX13863,C=Cc1ccc(C=C)cc1
TOX15138,Nc1ccc([As](=O)(O)O)cc1
TOX315,O=[N+]([O-])C(Cl)(Cl)Cl
TOX7551,COC(=O)c1cc(C(=O)OC)cc(S(=O)(=O)[O-])c1
TOX7550,O=C([O-])CCl
TOX21246,OCCCO
TOX9017,CC(C)CCCCOC(=O)c1ccccc1C(=O)OCCCCC(C)C
TOX26023,NS(=O)(=O)Cc1noc2ccccc12
TOX27376,O=C(NC(=O)c1cc(F)c(F)cc1Cl)Nc1cc(F)ccc1N1CCC(C(=O)O)CC1
TOX27375,O=C(O)c1ccccc1-n1cc(C(=O)O)c(=O)c2cc(Nc3c(F)cc(F)cc3Cl)c(Cl)cc21
TOX8300,CC(C)(C)C(=O)CCc1ccc(Cl)cc1
TOX21793,Cc1nc(C)c(Cl)c(O)c1Cl
TOX6792,Cc1cccc(N)c1
TOX26689,COc1cc(C)c(Cc2cnc(N)nc2N)cc1OC
TOX20686,COc1ccc2cc([C@H](C)C(=O)O)ccc2c1
TOX20685,Nc1cc(N2CCCCC2)nc(N)[n+]1[O-]
TOX26977,COc1cc(OC)c(C(=O)CCCN2CCCC2)c(OC)c1
TOX26974,OCCSc1ccccc1
TOX22266,CCCCCSCCCCC
TOX27089,CC(S)C(C)S
TOX27085,CC(=O)c1cnccn1
TOX27086,CCCCCC/C=C/C=O
TOX27087,COC(=O)c1ccccc1OC
TOX27080,CCc1ccc(C=O)cc1
TOX27081,CC(C)(C)C1CCCCC1=O
TOX27083,CCCC(=O)OC
TOX28971,COCCCOc1cc(C[C@@H](C[C@H](N)[C@@H](O)C[C@H](C(=O)NCC(C)(C)C(N)=O)C(C)C)C(C)C)ccc1OC
TOX28970,CC(=O)Nc1ccc(S(=O)(=O)Nc2cc(C)on2)cc1
TOX1268,CCNc1nc(Cl)nc(NCC)n1
TOX2798,CN1C(=O)CCS(=O)(=O)C1c1ccc(Cl)cc1
TOX7314,CC(C)(C)C(=O)C(=O)O
TOX26233,CCOC(=O)NC(O)C(Cl)(Cl)Cl
TOX1040,O=NN1CCCCCC1
TOX4568,O=S(=O)(O)c1ccccc1
TOX25833,OC[C@H]1O[C@](O)(CO)[C@@H](O)[C@@H]1O[C@@H]1O[C@H](CO)[C@H](O)[C@H](O)[C@H]1O
TOX24307,CC1(C)[C@H]2CC[C@](C)(C2)[C@H]1O
TOX13493,CCOC(=O)C(C)C(C)=O
TOX410,c1ccc2c(c1)Oc1ccccc1O2
TOX415,BrCCBr
TOX5216,C=Cc1ccccc1C=C
TOX2246,NCCCN1CCN(CCCN)CC1
TOX5819,c1ccc(COCc2ccccc2)cc1
TOX3114,COc1ccccc1OCC(O)CO
TOX5814,O=C(O)c1cc(O)nc(O)n1
TOX6549,O=C1O[C@H](CO)[C@@H](O)[C@H](O)[C@H]1O
TOX6544,O=c1nn[nH]c2ccccc12
TOX14618,CCOC(=O)COc1cc(-n2ncc(C(F)(F)F)c(C)c2=O)c(F)cc1Cl
TOX14614,COc1nn(C(=O)[N-]S(=O)(=O)c2ccccc2OC(F)(F)F)c(=O)n1C
TOX11131,CCCCCOC(=O)c1ccccc1C(=O)OCCCCC
TOX11133,CCCOC(=O)c1ccccc1C(=O)OCCC
TOX26767,CC(C)Cn1cnc2c1c(=O)n(C)c(=O)n2C
TOX29264,C/C=C(\C)C=O
TOX22072,CNC(=O)Oc1ccccc1C(C)C
TOX4368,CCOCCOCCOCCO
TOX4362,CC(Cl)C(Cl)Cl
TOX4366,CCN(CC)CC
TOX17494,CC(C)Nc1nc(N)nc(Cl)n1
TOX17495,CCNc1nc(N)nc(Cl)n1
TOX27412,CCC(=O)C=Cc1ccc(OC)cc1
TOX4799,O=[N+]([O-])c1cc(C(F)(F)F)ccc1Cl
TOX27416,C=CC(=C)CCCC(C)(C)OC(C)=O
TOX27415,C=CC(C)(O)CC/C=C(\C)CC
TOX24827,CC(=O)OCC(C)OC(C)=O
TOX24826,CC(C)CCCC(C)CC=O
TOX24823,C=C(C)C(=O)[O-]
TOX24822,CC(CCO)CCc1ccccc1
TOX24828,C=CCCCCCCCCC(=O)OCC
TOX5775,O=C1OC(=O)c2cc([N+](=O)[O-])ccc21
TOX1455,O=C([O-])c1[nH]n(-c2ccc(S(=O)(=O)[O-])cc2)c(=O)c1/N=N/c1ccc(S(=O)(=O)[O-])cc1
TOX9201,O=S(=O)([O-])c1ccc2cc(O)ccc2c1
TOX21818,CCC(C)C1CCCCC1=O
TOX25201,NC1CCN(c2cccc(Cl)n2)CC1
TOX21813,CC1CCC(CO)CC1
TOX28500,CCS(=O)(=O)C(C)(C)S(=O)(=O)CC
TOX28502,CC(=O)SC[C@@H](C)C(=O)N1CCC[C@H]1C(=O)N[C@@H](Cc1ccccc1)C(=O)O
TOX25158,Nc1c2c(nc3ccccc13)CCCC2O
TOX25157,N=C(N)NC(=O)Cc1c(Cl)cccc1Cl
TOX44,C=CCO
TOX46,C=CCOCC1CO1
TOX47,C=CCN=C=S
TOX48,C=CCOC(=O)CC(C)C
TOX5276,CCCCNCC
TOX3324,Cc1[nH]c(=O)c(C#N)cc1-c1ccncc1
TOX888,Cc1cccc2cccnc12
TOX887,Cc1ccc2ncccc2c1
TOX886,COC(=O)C(c1ccccc1)C1CCCCN1
TOX3329,NC(=O)CS(=O)C(c1ccccc1)c1ccccc1
TOX1873,C=CC(=O)OCC(C)C
TOX1874,CCCBr
TOX1877,OCCCl
TOX1879,CCC#N
TOX1744,CCCC(C)C1(CC)C(=O)N=C([S-])NC1=O
TOX332,O=C(O)CC(O)(CC(=O)O)C(=O)O
TOX21265,CCCCCCCCC(CO)CCCCCC
TOX21263,Cc1c(Cl)cccc1[N+](=O)[O-]
TOX612,CCC(C(=O)NC(N)=O)c1ccccc1
TOX27537,CCCCCCCCOC(=O)CCCCCCCCC(=O)OCCCCCCCC
TOX27319,CC(=O)c1ccc2c(c1)[C@H](NC(=O)c1ccc(F)cc1)[C@@H](O)C(C)(C)O2
TOX26406,O=C(Nc1ccc(C(=O)O)c(O)c1)c1ccccc1
TOX26405,COc1ccccc1OC(=O)Oc1ccccc1OC
TOX1206,CC(O)CO
TOX9072,CCc1cnc(C(=O)O)c(C(=O)O)c1
TOX7334,CCO[Si](CCC#N)(OCC)OCC
TOX7333,CCO[Si](CCCN)(OCC)OCC
TOX4589,FC(F)(F)c1ccccc1
TOX25813,Cc1[nH]c(=O)c(C#N)cc1-c1ccc2nccn2c1
TOX25812,COc1ccccc1N1CCN(CCCNc2cc(=O)n(C)c(=O)n2C)CC1
TOX652,Cc1ccc(C)c(OCCCC(C)(C)C(=O)O)c1
TOX654,CC(=O)OC/C=C(\C)CCC=C(C)C
TOX656,C=C1C[C@]23C[C@@]1(O)CC[C@H]2[C@@]12C=C[C@H](O)[C@@](C)(C(=O)O1)[C@H]2[C@@H]3C(=O)O
TOX27948,OC[C@H]1O[C@H](O[C@H]2O[C@H](CO)[C@@H](O)[C@H](O)[C@H]2O)[C@H](O)[C@@H](O)[C@@H]1O
TOX24494,O=C(Cc1ccccc1)OCCc1ccccc1
TOX24495,CC(=O)CCc1ccc(O)cc1
TOX27941,CCn1cc[n+](C)c1.O=S(=O)([O-])C(F)(F)F
TOX27940,CCn1cc[n+](C)c1.N#CN=C=[N-]
TOX27945,O=C(O)c1ccccc1O.OCCN(CCO)CCO
TOX27946,COP(=O)([O-])OC.Cn1cc[n+](C)c1
TOX9690,O=S(=O)([O-])OOS(=O)(=O)[O-]
TOX9691,O=S(=O)([O-])OOS(=O)(=O)[O-]
TOX9692,O=[N+]([O-])[O-].[K+]
TOX5186,CCC(O)OC(O)CC
TOX6422,CS(=O)(=O)O
TOX6423,C[Si](C)(C)C
TOX15013,Cl[Zn]Cl
TOX3174,CC(C)[N+](C)(CCC(C(N)=O)(c1ccccc1)c1ccccc1)C(C)C
TOX6523,O=c1n(Cl)c(=O)n(Cl)c(=O)n1Cl
TOX6527,Cc1cc(S(=O)(=O)O)c(N)cc1Cl
TOX6526,Cc1ccc(N)c(S(=O)(=O)O)c1
TOX25366,Cc1c(NC(=O)c2cccnc2)c(=O)n(-c2ccccc2)n1C
TOX430,Clc1ccccc1Cl
TOX431,Clc1ccc(Cl)cc1
TOX438,ClCCCl
TOX1993,c1ccc2c(c1)oc1ccccc12
TOX1997,NCCN1CCNCC1
TOX1996,CCC(=O)[O-]
TOX7596,COCCCN
TOX2292,CC1(C)C(C=C(Cl)Cl)C1C(=O)OCc1cccc(Oc2ccccc2)c1
TOX4344,CC(C)N(C(=O)SCC(Cl)=C(Cl)Cl)C(C)C
TOX7920,CCCCN(CCCC)CCCCCCN(CCCC)CCCC
TOX10604,CC1=CC(=O)CC(C)(C)C1(O)/C=C/C(C)=C\C(=O)O
TOX10606,CC1=CC(=O)[N-]S(=O)(=O)O1
TOX10607,CCOC(C)OCC
TOX4001,CC(Cl)(Cl)C(=O)[O-]
TOX7346,C[Sn](Cl)(Cl)Cl
TOX21451,C=CCS(=O)(=O)[O-]
TOX27439,CC(C)CCOCc1ccccc1
TOX27437,CCCCCCC1CCOC1=O
TOX8842,O=P([O-])(O)OP(=O)([O-])O
TOX27125,C=CCCCCCCCCOC(C)=O
TOX27123,CCCCCCCCCOC(C)=O
TOX27121,O=Cc1cc2ccccc2o1
TOX27120,CC(=O)c1c(C)cc(C(C)(C)C)cc1C
TOX27129,COC(=O)C=C(C)CCC=C(C)C
TOX27128,CC(=O)OCC=C(C)C
TOX8114,CCN(CC#N)c1cccc(C)c1
TOX2055,CC(=O)OC(C)(C)C
TOX5438,NC(=O)NO
TOX9192,COC(=O)OC
TOX1438,C=C(Cl)Cl
TOX9224,N=C(N)S(=O)O
TOX9220,Cc1ccc(N)nc1
TOX1436,C=Cc1cccc(C)c1
TOX1403,COP(=O)(OC)OC
TOX20476,CC(C)(C)c1ccc(CCOc2ncnc3ccccc23)cc1
TOX1402,Cc1ccc(C)c(C)c1
TOX21877,CC(=O)OC(C)(C)Cc1ccccc1
TOX25171,CCOC(=O)[N-]c1c[n+](N2CCOCC2)no1
TOX25174,CC12CC3CC(C)(C1)CC(N)(C3)C2
TOX25175,CNCCC(Oc1ccccc1OC)c1ccccc1
TOX25179,Cc1ncc(CNC(=O)N(CCCl)N=O)c(N)n1
TOX28786,Cc1c(N)c(=O)n(-c2ccccc2)n1C
TOX28785,CN(C)CCN(Cc1ccc(Cl)cc1)c1ccccn1
TOX28780,CCCCC1C(=O)NC(=O)N(C2CCCCC2)C1=O
TOX28781,O=C1CC[C@H](C(=O)N2CCCCC2)N1
TOX7103,C=C(C)C(=O)OCCCCCCCCCCCC
TOX7104,CCCCCCCCCCCCCCCC(=O)OC(C)C
TOX7109,NCCCCCCNCCCCCCN
TOX3342,CC(C)(C)NCC(O)COc1cccc2c1C[C@H](O)[C@H](O)C2
TOX3349,C=CCN1CC[C@]23c4c5ccc(O)c4O[C@H]2C(=O)CC[C@@]3(O)[C@H]1C5
TOX24771,CC(CC(C)C)=NO
TOX24770,COc1ccc(COC(C)=O)cc1
TOX24777,CC(C)(O)C(=O)c1ccc(OCCO)cc1
TOX1851,CC(C)(O)CCc1ccccc1
TOX1854,CN(C)Cc1ccccc1
TOX13825,CO[Si](CCCNCCC[Si](OC)(OC)OC)(OC)OC
TOX6157,Cc1c(N=C=O)cccc1N=C=O
TOX359,O=C1CCCCC1
TOX358,OC[C@H]1O[C@@H]2O[C@@H]3[C@@H](CO)O[C@H](O[C@@H]4[C@@H](CO)O[C@H](O[C@@H]5[C@@H](CO)O[C@H](O[C@@H]6[C@@H](CO)O[C@H](O[C@@H]7[C@@H](CO)O[C@H](O[C@@H]8[C@@H](CO)O[C@H](O[C@H]1[C@H](O)[C@H]2O)[C@H](O)[C@H]8O)[C@H](O)[C@H]7O)[C@H](O)[C@H]6O)[C@H](O)[C@H]5O)[C@H](O)[C@H]4O)[C@H](O)[C@H]3O
TOX21209,C=C(C)C1CCC(C)(O)CC1
TOX354,N#CNC(=N)N
TOX29078,CCCCCCCCCCCC[N+](C)(C)CCCS(=O)(=O)[O-]
TOX29075,CCn1cc[n+](C)c1
TOX29073,CCn1cc[n+](C)c1
TOX1199,CCCCN(CC)C(=O)SCCC
TOX27331,CCCCc1ccc2c(n1)[C@@H](c1ccc(OC)cc1C[C@H](C)C(=O)[O-])[C@H](C(=O)[O-])[C@H]2c1ccc2c(c1)OCO2
TOX20643,Cc1cccc(C)c1NC1=NCCCS1
TOX112,CCNc1nc(Cl)nc(NC(C)C)n1
TOX26424,CCN(CC)CCNC(=O)COc1ccc(Cl)cc1
TOX7486,COP(=S)(Cl)OC
TOX7489,CO[Si](CCCOCC1CO1)(OC)OC
TOX27599,CCCCCCOC(=O)C(C)CC
TOX4615,[Cr+2].c1cc[cH-]c1.c1cc[cH-]c1
TOX1089,CCn1cc(C(=O)O)c(=O)c2cc3c(cc21)OCO3
TOX9359,COCC(C)N
TOX24357,COc1ccc(CO)cc1
TOX21199,CN(C)Cc1ccccc1O
TOX24340,COc1ncc(F)c2nc(S(=O)(=O)Nc3c(F)cccc3F)nn12
TOX28647,CCN(CCO)CCn1c(Cc2ccccc2)nc2c1c(=O)n(C)c(=O)n2C
TOX6195,Clc1cc(Cl)cc(Cl)c1
TOX6193,Clc1cccc(Cl)c1Cl
TOX3481,CC(=O)c1ccc2c(c1)N(CCCN1CCC(CCO)CC1)c1ccccc1S2
TOX3487,CN1CCN(CC(=O)N2c3ccccc3C(=O)Nc3cccnc32)CC1
TOX6448,CCC(CO)(CO)CO
TOX2284,CCC(C)N
TOX25692,O=C(NCCO[N+](=O)[O-])c1cccnc1
TOX6441,COC(C)(C)OC
TOX2579,CN(C)c1nc(N(C)C)nc(N(C)C)n1
TOX980,CCC[N+](=O)[O-]
TOX981,CC(C)[N+](=O)[O-]
TOX982,O=C(O)CC[N+](=O)[O-]
TOX2573,Oc1ncnc2[nH]ncc12
TOX25345,CC[C@@H](CO)NCCN[C@@H](CC)CO
TOX25347,CCN(CC)C(C)CN1c2ccccc2Sc2ccccc21
TOX25346,Cc1cc2c(cc1S(N)(=O)=O)S(=O)(=O)CCC2
TOX25437,CC(C)(C)NCC(O)c1cc(O)cc(O)c1.CC(C)(C)NCC(O)c1cc(O)cc(O)c1
TOX2641,NCC(CC(=O)O)c1ccc(Cl)cc1
TOX4747,O=C([O-])CCC(=O)OC[C@@H](NC(=O)C(Cl)Cl)[C@H](O)c1ccc([N+](=O)[O-])cc1
TOX14903,[Br-].[Na+]
TOX21431,CC(C)Oc1ccccc1O
TOX10955,CC12CCC(CC1=O)C2(C)C
TOX27109,COC(OC)C(C)c1ccccc1
TOX27459,O=C1[N-]S(=O)(=O)c2ccccc21.O=C1[N-]S(=O)(=O)c2ccccc21
TOX27456,O=C1OC(=O)C2C3C=CC(C3)C12
TOX27454,CC1(C)OC[C@@H]2O[C@@]3(C(=O)O)OC(C)(C)O[C@H]3[C@@H]2O1
TOX27453,C1CCN(CN2CCCCC2)CC1
TOX5737,O=C(O)c1cccc([N+](=O)[O-])c1
TOX5738,O=C(O)c1ccccc1[N+](=O)[O-]
TOX26850,CCN(CC)C(=O)Nc1ccc(OCC(O)CNC(C)(C)C)c(C(C)=O)c1
TOX26851,CCCCCCCCCCOc1cc2c(O)c(C(=O)OCC)cnc2cc1OCC
TOX22167,O=C([O-])c1ccccc1C(=O)O
TOX5345,CC(=O)C=Cc1ccco1
TOX28816,COc1cc(CC(C)N)cc2c1OCO2
TOX28817,CC(Cc1ccc2c(c1)OCO2)NO
TOX28812,COc1ccc(OC)c(CC(C)N)c1
TOX21852,O=C(NC(O)C(Cl)(Cl)Cl)NC(O)C(Cl)(Cl)Cl
TOX86,CC=Cc1ccc(OC)cc1
TOX87,C/C=C/c1ccc(OC)cc1
TOX81,CCC1(CCC(C)C)C(=O)NC(=O)NC1=O
TOX83,CC1(C)S[C@@H]2[C@H](NC(=O)[C@H](N)c3ccccc3)C(=O)N2[C@H]1C(=O)O
TOX88,OC[C@@H](O)[C@H]1O[C@@H]2O[C@H](C(Cl)(Cl)Cl)O[C@@H]2[C@H]1O
TOX1142,CNC[C@H](O)c1cccc(O)c1
TOX24751,Nc1cc(S(=O)(=O)O)ccc1S(=O)(=O)O
TOX24755,C=CCOC(=O)CCC1CCCCC1
TOX3819,Cc1cn([C@H]2C=C[C@@H](CO)O2)c(=O)[nH]c1=O
TOX24757,CC(C)CCOC(=O)CC(C)C
TOX24756,CC1=CC[C@H](CC=O)C1(C)C
TOX3367,OCc1cccnc1
TOX3364,O=C(OCC(COC(=O)c1cccnc1)(COC(=O)c1cccnc1)COC(=O)c1cccnc1)c1cccnc1
TOX18824,OC1OCCOC1O
TOX371,Nc1ccc(S(=O)(=O)c2ccc(N)cc2)cc1
TOX21220,O=C1NC(=O)[C@@H]2CC=CC[C@H]12
TOX16226,CCCCCCCCOS(=O)(=O)[O-]
TOX26195,COc1cc(C(=S)N2CCOCC2)cc(OC)c1OC
TOX26999,COc1cccc(OC)c1C(=O)O
TOX26994,CCOC(=N)CC(=O)OCC
TOX26442,C#CCOC(C(=O)OCCN(C)C)(c1ccccc1)c1ccccc1
TOX22285,CCOP(=O)(N=C1SCCS1)OCC
TOX27356,CC(=O)S[C@H](C(=O)N[C@H]1Cc2ccccc2[C@H]2CCC[C@@H](C(=O)O)N2C1=O)C(C)C
TOX4638,Brc1ccccc1-c1ccccc1
TOX4637,Brc1ccccc1
TOX20661,CC(C)(Oc1ccc(Cl)cc1)C(=O)O
TOX20664,CC=CC(=O)N(CC)c1ccccc1C
TOX27712,CC1(C)SC(C)(C)SC(C)(C)S1
TOX28661,O=C(O)CSCC(=O)NC1CCSC1=O
TOX28666,O=C(O)[C@@H](O)[C@H](O)[C@H](O)[C@@H](O)C(=O)O
TOX27904,C=CCn1cc[n+](C)c1
TOX27909,CCCC[n+]1ccccc1
TOX1607,CCCCCC(=O)O
TOX1605,O=C(O)CCCCC(=O)O
TOX1604,CCCCCC=O
TOX1601,O=C(C(Cl)(Cl)Cl)C(Cl)(Cl)Cl
TOX1600,CCCCCCC(=O)O
TOX5272,CCOC(=O)c1ccccc1N
TOX5271,CCNc1ccccc1
TOX2556,Nc1nc2c(ncn2COCCO)c(=O)[nH]1
TOX2558,Nc1ncnc2c1ncn2[C@@H]1O[C@H](CO)[C@@H](O)[C@H]1O
TOX969,CC[N+](=O)[O-]
TOX966,O=C(O)c1ccc([N+](=O)[O-])cc1
TOX967,CCCC[N+](=O)[O-]
TOX964,O=[N+]([O-])c1ccccc1
TOX962,COc1ccccc1[N+](=O)[O-]
TOX13161,CNC(=O)O/N=C/C(C)(C)S(C)=O
TOX12569,Cc1nc(N(C)C)nc(OC(=O)N(C)C)c1C
TOX25416,CCN(CC)c1cc(C)nc2ncnn12
TOX1958,CCOC(=O)c1ccccc1O
TOX1956,CCCCCCCCOC(=O)c1ccccc1C(=O)OCCCCCCCC
TOX7736,Cc1ccc(S(=O)(=O)[O-])cc1.[Na+]
TOX3603,C[N+](C)(C)CCOC(=O)CCC(=O)OCC[N+](C)(C)C
TOX3602,O=C(O)CCC(=O)O
TOX3607,COc1cc(NS(=O)(=O)c2ccc(N)cc2)nc(OC)n1
TOX3609,N=C(N)NS(=O)(=O)c1ccc(N)cc1
TOX3608,COc1ncnc(NS(=O)(=O)c2ccc(N)cc2)c1OC
TOX7656,CCCCC(CC)COC(=O)CS
TOX7653,C=C(C)C(=O)O[C@@H]1C[C@H]2CC[C@]1(C)C2(C)C
TOX7650,C=CC[N+](C)(C)CC=C
TOX14924,O=C([O-])C(Cl)(Cl)Cl
TOX5243,CCCCCCCCCCC1CO1
TOX21418,CCC(CC)C(=O)O
TOX21417,CCC(CO)(CO)[N+](=O)[O-]
TOX21413,C=C(C)[C@@H]1CC=C(C)C(=O)C1
TOX5474,C=CC(C)(O)CCCC(C)CCCC(C)CCCC(C)C
TOX6927,CCCCCCCCCCCCCCN(C)C
TOX6926,CCCCCCCCCCCCCCO
TOX6924,CCCCCCCCCCCCCCCCN(C)C
TOX6921,CCCCCCOCCOCCO
TOX9159,CC(C)CC(C)CC(O)CC(C)C
TOX9158,OCCN1CCN(CCO)CC1
TOX9154,O=C1CCCC1
TOX9153,O=C(OCc1ccccc1)c1ccccc1
TOX9152,COc1ccc(C)cc1[N+](=O)[O-]
TOX9150,CCC(N)(CO)CO
TOX14070,O=C(Cl)C(Cl)(Cl)Cl
TOX22149,COC(=O)CC(=O)C(C)(C)C
TOX22146,COC(=O)c1cc(Cl)cc(Cl)c1
TOX22143,COC(=O)Cc1cccc2ccccc12
TOX20436,Nc1ncnc2c1ncn2[C@@H]1O[C@@H]2COP(=O)(O)O[C@H]2[C@H]1O
TOX1381,CC(Cl)(Cl)Cl
TOX6631,O=C(Cl)c1ccccc1
TOX4409,CC(=O)c1ccccn1
TOX1162,CC[C@@H]1C(=O)OC[C@@H]1Cc1cncn1C
TOX2128,C=C(C)C(=O)OCCO
TOX2121,O=P(c1ccccc1)(c1ccccc1)c1ccccc1
TOX24734,CN(C)CCOCCN(C)CCO
TOX24733,O=C([O-])c1cccc([N+](=O)[O-])c1
TOX18800,CCCCOC(=O)CCC(C)=O
TOX6501,CC1=CCC2CC1C2(C)C
TOX6718,CCOC(=O)CC#N
TOX6716,COC(=O)CC(C)=O
TOX6711,CCc1ccc(CC)cc1
TOX6712,OCC1CCC(CO)CC1
TOX6713,C=C(C)C(=O)OCCN(CC)CC
TOX4247,Clc1cc(Cl)c(Cl)c(Cl)c1Cl
TOX25394,O=C(O)c1ccccc1OP(=O)(O)O
TOX25390,CN(C)CCOC(=O)C(c1ccccc1)C1(O)CCCC1
TOX28880,CC(C)CC(NC(=O)CNC(=O)[C@H](Cc1ccc(O)cc1)NC(=O)[C@@H](CO)NC(=O)[C@@H](Cc1c[nH]c2ccccc12)NC(=O)[C@@H](Cc1c[nH]cn1)NC(=O)[C@H]1CCC(=O)N1)C(=O)N[C@H](CCCNC(=N)N)C(=O)N1CCC[C@@H]1C(=O)NCC(N)=O
TOX26464,NC(=O)OCCCc1ccccc1
TOX10787,Cc1ccnc2c1NC(=O)c1cccnc1N2C1CC1
TOX10780,Cc1ncc(CO)c(CO)c1O
TOX28886,CC(=O)Nc1c(I)c(NC(C)=O)c(I)c(C(=O)O)c1I
TOX24856,CCOC(=O)NCCC[Si](OCC)(OCC)OCC
TOX4657,OCCCBr
TOX20608,C[N+]1(C)[C@H]2C[C@H](OC(=O)[C@H](CO)c3ccccc3)C[C@@H]1[C@H]1O[C@@H]21
TOX21607,c1cncc([C@@H]2CCCCN2)c1
TOX21954,CCCCCC(=O)CC
TOX24124,COc1ccc(C2CNC(=O)C2)cc1OC1CCCC1
TOX21957,CCOC(OCC)OCC
TOX21959,CCOC(=O)C(F)(F)F
TOX27236,C=C[C@@H](C)CCC=C(C)C
TOX24660,SCCSCCS
TOX28606,N[C@@H](Cc1cc(I)c(O)c(I)c1)C(=O)O
TOX1599,CCCCCCC#N
TOX9369,C=COC(=O)C(C)(CC)CCC(C)C
TOX2718,CCCC[N+]1(C)[C@H]2C[C@H](OC(=O)[C@H](CO)c3ccccc3)C[C@@H]1[C@H]1O[C@@H]21
TOX24662,CCCCCCCCSCC
TOX24986,C=COCCOCCOCCOC=C
TOX1621,CCC(C)C(=O)O
TOX1620,CC(C)CC#N
TOX1627,Cc1ccc(C(=O)O)o1
TOX1629,CC(=O)CCC=C(C)C
TOX25652,CC(C)NCC(O)c1ccc(N)c(C#N)c1
TOX6488,C=C1C2CCC(C2)C1(C)C
TOX25655,O=C(O)CN1C(=O)c2cccc3cccc(c23)C1=O
TOX5295,CCCC=C(C=O)CC
TOX5297,C=CC(=O)OCC(CC)CCCC
TOX5291,CCCCC(C=O)CC
TOX5292,CCCC(O)C(CC)CO
TOX5293,CCCCC(CC)C(=O)O
TOX941,O=N[O-]
TOX12547,CCOc1nc(C(Cl)(Cl)Cl)ns1
TOX25382,C=C1c2cccc(O)c2C(=O)C2=C(O)[C@]3(O)C(=O)C(C(N)=O)=C(O)[C@@H](N(C)C)[C@@H]3[C@@H](O)[C@H]12
TOX25386,C[C@H]1CCC[C@@H](C)N1
TOX25478,CC(C)(C)NCC(O)COc1cccc2c1CCC(=O)N2
TOX7280,CCCCCCCCCCCCCCCCCC#N
TOX497,Cc1ncc([N+](=O)[O-])n1C
TOX494,COP(C)(=O)OC
TOX498,COC(=O)c1ccc(C(=O)OC)cc1
TOX499,CC(=O)N(C)C
TOX3996,NC1CCCCC1
TOX3998,CC1(C)C(C=C(Cl)Cl)C1C(=O)OC(C#N)c1cccc(Oc2ccccc2)c1
TOX3440,CCC[C@H](N[C@@H](C)C(=O)N1[C@H](C(=O)O)C[C@@H]2CCCC[C@@H]21)C(=O)OCC
TOX1979,CC(=O)CC(C)=O
TOX1971,O=[N+]([O-])c1cccc(Cl)c1
TOX1974,CC(C)c1ccc(C=O)cc1
TOX1977,CCc1ccc(O)cc1
TOX1461,[Zn+2]
TOX3190,CN1CCC(=C2c3ccccc3CC(=O)c3sccc32)CC1
TOX3194,Nc1ccn([C@H]2CS[C@@H](CO)O2)c(=O)n1
TOX236,CC(O)C(=O)[O-].CC(O)C(=O)[O-]
TOX235,[Ca+2].[Cl-].[Cl-]
TOX7636,CCC(C)OC(C)CC
TOX7639,CCCOCCOCCO
TOX238,CN(C)C(=O)COC(=O)Cc1ccc(OC(=O)c2ccc(NC(=N)N)cc2)cc1
TOX21389,CC(=O)c1ccc2ccccc2c1
TOX21388,C=C(C)C(=O)OCCOC(=O)CC(C)=O
TOX9255,COC(=O)[C@H]1CC[C@H](C(=O)OC)CC1
TOX29150,CCOC(=O)C(C)(C)C
TOX29151,O=C/C=C/c1ccco1
TOX7580,CCCCCCCCCCCCCCCCCl
TOX29156,CCn1cc[n+](C)c1
TOX29158,CCCCCCCCCCCCI
TOX5453,CC(=O)OCCC(C)C
TOX5903,O=c1[nH]ncc2ccccc12
TOX6905,CCOCCOCCOC(C)=O
TOX6904,CCCCOCCOC(C)=O
TOX6906,CCCCCCCCCCCCN(C)C
TOX6908,CCCCCCOCCO
TOX9170,CC(=O)C=C(C)C
TOX25850,C[N+](C)(C)CC(O)CC(=O)[O-]
TOX1062,O=NN1CCCC1
TOX28850,CC(C)=CCN1CC[C@@]2(C)c3cc(O)ccc3C[C@@H]1[C@@H]2C.O=C(O)CCC(=O)O
TOX10197,CC(C)Br
TOX1366,Cc1ccc(NC(N)=O)cc1
TOX18795,C[SiH](O[Si](C)(C)C)O[Si](C)(C)C
TOX18798,CCOc1ccccc1OCC
TOX692,C1N2CN3CN1CN(C2)C3
TOX1109,O=[N+]([O-])OCC(CO[N+](=O)[O-])(CO[N+](=O)[O-])CO[N+](=O)[O-]
TOX9281,CCCCCCCCCCCc1ccccc1
TOX9287,C[N+]1([O-])CCOCC1
TOX1102,CC1(C)S[C@@H]2[C@H](NC(=O)COc3ccccc3)C(=O)N2[C@H]1C(=O)[O-]
TOX1104,ClC(Cl)C(Cl)(Cl)Cl
TOX4466,Nc1ccc(C(=O)O)cc1
TOX24715,CC1(C)Cc2cccc(N)c2O1
TOX24714,NC(=O)CC[C@H](Nc1ccc([N+](=O)[O-])cc1)C(=O)O
TOX24241,CCCCC(C)C(=O)O
TOX24712,COCc1ccc(COC)cc1
TOX4507,Nc1cc(C(=O)O)c(O)c(S(=O)(=O)O)c1
TOX23941,O=CN1CCCCC1
TOX28149,COc1ccc(-n2nc(C(F)F)cc2-c2ccc(S(C)=O)cc2)cc1
TOX5337,NC=O
TOX2455,COC(=O)c1ccccc1C(=O)OC
TOX5332,NC(Cc1ccc(F)cc1)C(=O)O
TOX5330,O=C(Cl)c1ccccc1F
TOX2109,CCCCCCC1CCC(=O)O1
TOX5338,O=CNc1ccccc1
TOX3271,CC(=O)OC(C)C[N+](C)(C)C
TOX12688,CC(C)=CC1C(C(=O)OCc2cccc(Oc3ccccc3)c2)C1(C)C
TOX4881,O=C1C=CCCC1
TOX6739,O=C(Cl)OCCOCCOC(=O)Cl
TOX15481,CC(=O)CCc1ccc(OC(C)=O)cc1
TOX29369,O=c1c(O)c(O)c1=O
TOX11903,O=C(O)c1ccccn1
TOX26664,Nc1cccc2c1CN(C1CCC(=O)NC1=O)C2=O
TOX4263,O=P(O)(O)O
TOX4261,COP(=S)(OC)SCN1C(=O)c2ccccc2C1=O
TOX9600,C=C(C)C(N)=O
TOX26484,C[N+]1(CCC(C(N)=O)(c2ccccc2)c2ccccc2)CCCCC1
TOX27533,CCCCCCCCOC(=O)c1ccc(C(=O)OCCCCCCCC)c(C(=O)OCCCCCCCC)c1
TOX27535,CCCCCCOC(=O)CC(CC(=O)OCCCCCC)(OC(=O)CCC)C(=O)OCCCCCC
TOX27282,C[C@@H](Oc1ccc(CNC(=O)c2cccnc2Oc2ccc3c(c2)OCO3)c(F)c1)C(=O)O
TOX4670,O=C(O)CC(C(=O)O)C(CC(=O)O)C(=O)O
TOX21626,Cc1ccc(C=O)cc1C
TOX21627,CC(C)NC(=O)c1ccccc1N
TOX21625,O=C(O)CONC(=O)c1ccccc1
TOX21970,CC12CCC(C1)C(C)(C)C2O
TOX27756,CC(C)NC(=N)NC(=N)Nc1ccc(Cl)cc1
TOX27753,CN1CCN(C(c2ccccc2)c2ccccc2)CC1
TOX24975,CC(O)CN(CCCN(C)C)CCCN(C)C
TOX24974,CN(C)CCCNCCCN(C)C
TOX7153,Fc1ccc(Br)cc1
TOX9619,N#C[S-]
TOX9616,c1c[nH]cn1
TOX9617,O=C([O-])[C@H](O)[C@@H](O)[C@H](O)[C@H](O)CO
TOX6130,CCC[N+](CCC)(CCC)CCC
TOX9611,O=C(OCCOCCOCCOC(=O)c1ccccc1)c1ccccc1
TOX2736,CCOC(=O)n1ccn(C)c1=S
TOX1648,CC(=O)CCC(=O)O
TOX1643,CCCCCCCC=O
TOX1641,CCCCCCCCC(=O)O
TOX1645,CCCCCCCC(=O)O
TOX2590,Nc1ccc(C(=O)NCC(=O)O)cc1
TOX14503,CCCCOC(=O)[C@@H](C)Oc1ccc(Oc2ccc(C#N)cc2F)cc1
TOX923,Cc1cccc(C)c1NC(=O)CN1CCCC1=O
TOX929,NC(=O)c1cccnc1
TOX28620,Nc1nnnn1-c1ccccc1
TOX28622,CCOc1ccc(NS(=O)(=O)c2ccc(N)cc2)nn1
TOX25459,CC(C)(C)C(=O)OCOC(=O)[C@@H]1N2C(=O)[C@@H](NC(=O)[C@H](N)c3ccccc3)[C@H]2SC1(C)C
TOX2984,CCn1cc(C(=O)O)c(=O)c2cc(F)c(N3CCNCC3)nc21
TOX25901,CC(=O)Oc1cccc(O)c1
TOX25906,Cc1c(NC(C)C)c(=O)n(-c2ccccc2)n1C
TOX24647,C#CCN(C)Cc1ccccc1
TOX1917,CCCCCC
TOX1914,CC(=O)CCC(C)C
TOX24502,OCCOc1cccc(OCCO)c1
TOX24506,CC(=O)OCCc1ccccc1
TOX24644,CC(C)N1C(=O)c2ccccc2C1=O
TOX210,CCCCN(CCCCO)N=O
TOX7615,CC(Cl)COP(=O)(OCC(C)Cl)OCC(C)Cl
TOX21363,O=C(O)Cc1ccc(Cl)cc1Cl
TOX21362,OCc1ccc(Cl)cc1Cl
TOX21366,COc1ccc([N+](=O)[O-])cc1[N+](=O)[O-]
TOX24643,C[N+](C)(C)CC1CO1
TOX21368,CCC1(C)NC(=O)NC1=O
TOX29289,CCCCCCCCCCCCn1cc[n+](C)c1
TOX29286,CCOC(=O)C(Cl)C(C)=O
TOX29280,O=c1[nH]c2ccccc2o1
TOX29281,CCCC[n+]1cccc(C)c1.F[B-](F)(F)F
TOX6697,CCCCC(CC)COC(=O)CCCCCCCC(=O)OCC(CC)CCCC
TOX25328,CC(COc1ccccc1)NC(C)C(O)c1ccc(O)cc1
TOX5925,CC(=O)OCc1ccc2c(c1)OCO2
TOX6961,Cc1ccc(O)c([N+](=O)[O-])c1
TOX6967,O=C(OCCOCCOC(=O)c1ccccc1)c1ccccc1
TOX6562,CC(=O)CC(=O)Nc1ccccc1C
TOX11591,COCC(=O)O
TOX26345,NC(=O)CC[C@@H](N)C(=O)O
TOX26347,CC(C)C[C@@H](N)C(=O)O
TOX24880,CCCOCCOCCOCCO
TOX24883,CCCCS(=O)(=O)Cl
TOX9110,CCC(C)(O)CCCC(C)C
TOX4194,Cc1cc(Cl)ccc1OC(C)C(=O)O
TOX4196,O=C=Nc1ccc(Cc2ccc(N=C=O)cc2)cc1
TOX1122,CCC1(c2ccccc2)C(=O)NC(=O)NC1=O
TOX1123,CCC1(c2ccccc2)C(=O)N=C([O-])NC1=O
TOX1124,Oc1ccccc1
TOX5706,COc1ccc(CCC(=O)c2c(O)cc(O[C@@H]3O[C@H](CO)[C@@H](O)[C@H](O)[C@H]3O[C@@H]3O[C@@H](C)[C@H](O)[C@@H](O)[C@H]3O)cc2O)cc1O
TOX1128,CN(C)N=Nc1ccccc1
TOX7188,CC(=O)OC(C)OC(C)=O
TOX7181,CC(C)Cc1ccccc1
TOX7186,CCOC(=O)Cl
TOX7184,C[Si]1(C)O[Si](C)(C)O[Si](C)(C)O[Si](C)(C)O[Si](C)(C)O1
TOX7185,C[Si]1(C)O[Si](C)(C)O[Si](C)(C)O1
TOX3870,Nc1ccncc1
TOX3875,NS(=O)(=O)[O-]
TOX307,COCCl
TOX2690,O=C(CCCN1CCC(O)(c2ccc(Br)cc2)CC1)c1ccc(F)cc1
TOX2699,CCCCNc1cc(C(=O)O)cc(S(N)(=O)=O)c1Oc1ccccc1
TOX6368,O=C(O)c1ccccc1O
TOX5310,CCNS(=O)(=O)c1ccc(C)cc1
TOX5312,CCN1CCOCC1
TOX2479,CCc1ccccc1O
TOX3255,COc1ccccc1OCC1CNC(=O)O1
TOX29340,CCN1C=CN(C)C1C
TOX29342,O=Cc1cccc([N+](=O)[O-])c1
TOX26640,C[C@@H](CSC(=O)c1ccccc1)C(=O)N1C[C@@H](Sc2ccccc2)C[C@H]1C(=O)O
TOX29349,CCC[N+]1(C)CCCC1.O=S(=O)([O-])C(F)(F)F
TOX4200,Cc1cccc(O)c1
TOX4204,CSc1nnc(C(C)(C)C)c(=O)n1N
TOX4206,CCSC(=O)N1CCCCCC1
TOX584,CCO
TOX27614,CC(C)=CCC/C(C)=C/COC=O
TOX7407,CCOP(=O)(Cl)Cl
TOX7402,COC(=O)c1cccc(C(=O)OC)c1
TOX11294,CCOCC(=O)O
TOX27510,CCCC(=O)OCc1ccccc1
TOX27511,CCCCCCCCCCCCCCCC(=O)OCC
TOX5557,COC(C)(C)CC(C)=O
TOX8033,CC(C)CCCCCCOC(=O)c1ccc(C(=O)OCCCCCCC(C)C)c(C(=O)OCCCCCCC(C)C)c1
TOX21641,Cc1ccc(C)c(S(=O)(=O)O)c1
TOX21643,O=Cc1ccccc1S(=O)(=O)[O-]
TOX6118,c1ccc2c(c1)CCCC2
TOX5122,COC(=O)CCCC(=O)OC
TOX9325,CCCCCC1C(=O)CCC1CC(=O)OC
TOX21916,CCCCOC(=O)C(=O)OCCCC
TOX1597,CCCCCCC=O
TOX25618,CCCCN1C[C@H](O)[C@@H](O)[C@H](O)[C@H]1CO
TOX24384,CC(C)[C@@H]1CC[C@@H](C)CC1=O
TOX24382,Cc1ncsc1CCO
TOX1590,CCCCCCCCCCCC(=O)O
TOX902,C[C@H]1C(=O)O[C@@H]2CCN3CC=C(COC(=O)[C@](C)(O)[C@]1(C)O)[C@H]23
TOX28394,CN(C)CCN1C(=O)c2ccccc2N(C)c2ccccc21
TOX6653,O=C(Cl)c1ccc(C(=O)Cl)cc1
TOX25927,CC(C)CC(N(C)C)C1(c2ccc(Cl)cc2)CCC1
TOX24696,O=C(CCN1CC1)OCC(CO)(COC(=O)CCN1CC1)COC(=O)CCN1CC1
TOX24697,C#CC(O)C(CC)CCCC
TOX1666,CCCCCCCCCCCCCC(=O)O
TOX1660,ClC1=C(Cl)C1(Cl)Cl
TOX1937,CCCCCCCO
TOX1936,N#CCCCCC#N
TOX1932,OCCNCCO
TOX7792,CC[Si](OC(C)=O)(OC(C)=O)OC(C)=O
TOX7790,O=C1c2ccccc2C(=O)N1CCl
TOX24522,CCN(CC)C(=O)N(CC)CC
TOX24521,CC(=O)Nc1c(I)c(NC(C)=O)c(I)c(C(=O)O)c1I
TOX21349,COC(=O)COc1ccc(Cl)cc1Cl
TOX279,C=C(C)CCl
TOX5494,CCCCCCCCCCCCOCC1CO1
TOX26584,O=c1[nH]c(=O)c2ccccc2o1
TOX26585,O=C(O)c1ccc(OCCCOc2ccc(C(=O)O)cc2)cc1
TOX6946,C=CC(C)(CCC=C(C)C)OC(C)=O
TOX6943,OCC(CO)(CO)CO
TOX26360,CCCCCCC(=O)CCCCCC/C=C/C[C@@H](O)[C@H](O)[C@@](N)(CO)C(=O)O
TOX27185,CC(C)CCOC(=O)c1ccccc1
TOX27186,CC(C)COC(=O)c1ccccc1O
TOX27182,CCCCCCCCC(=O)OCC(C)OC(=O)CCCCCCCC
TOX27188,CC(=O)OCCC1CCCCC1
TOX25229,CN1C(C)(C)CCCC1(C)C
TOX6625,CC1=CCC(C(C)(C)O)CC1
TOX9136,CCN(Cc1cccc(S(=O)(=O)O)c1)c1ccccc1
TOX9133,CC(=O)c1ccc(O)cc1
TOX25223,Cc1cc(C(C)(C)C)cc(C)c1CC1=NCCN1
TOX1499,CCC(C)Br
TOX1492,N#CCc1ccccc1
TOX13098,O=C(O)c1ccc(CO)o1
TOX1496,N#CCBr
TOX13511,O=S(=O)(O)F
TOX28985,Cc1nc2n(c(=O)c1CCN1CCC(c3noc4cc(F)ccc34)CC1)CCC[C@H]2O
TOX24202,CCCCCCCCOC(C)=O
TOX24200,O=C(O)CCSCCC(=O)O
TOX2679,O=C(O)CCCC[C@@H]1SC[C@@H]2NC(=O)N[C@H]12
TOX2676,CC(C[N+](C)(C)C)OC(N)=O
TOX2674,CC(C)NCC(O)COc1ccc(CCOCC2CC2)cc1
TOX28181,CCCCCc1ccc(Cl)cc1
TOX28183,COC(=O)c1ccccc1C
TOX28185,O=C(Oc1ccccc1)c1ccccc1
TOX28186,CCOC(=O)c1ccc(C)cc1
TOX6302,Cc1ccc(S(=O)(=O)[O-])cc1C
TOX6307,Cc1cccc(C)c1N
TOX5371,FC(F)(F)C(Cl)Br
TOX3235,OC[C@@H](O)[C@@H](O)[C@H](O)[C@H](O)CO
TOX25551,Cc1onc(-c2ccccc2Cl)c1C(=O)N[C@@H]1C(=O)N2[C@@H](C(=O)[O-])C(C)(C)S[C@H]12
TOX6997,COc1ccc(C=O)cc1
TOX12029,CN1[C@H]2C[C@H](OC(=O)[C@H](CO)c3ccccc3)C[C@@H]1[C@H]1O[C@@H]21
TOX6775,O=C(O)CCS
TOX29327,CCCC[n+]1ccc(C)cc1.O=S(=O)([O-])C(F)(F)F
TOX29325,CCCC[n+]1ccccc1
TOX29324,CC(=O)C1CCCCC1=O
TOX29321,CCCCN1C=CN(C)C1
TOX29320,CCCN1C=CN(C)C1
TOX29329,CCC[N+]1(C)CCCCC1
TOX29328,CCCC[N+]1(C)CCCCC1.F[B-](F)(F)F
TOX4222,N=C(N)N[N+](=O)[O-]
TOX4955,CC(C)(C)OOC(C)(C)C
TOX24664,CCOC(=O)NNc1nncc2ccccc12
TOX28561,CCCCS(=O)(=O)N[C@@H](Cc1ccc(OCCCCC2CCNCC2)cc1)C(=O)O
TOX7425,COC(=O)c1ccc(C(=O)O)cc1
TOX7427,CN(C)CCOCCO
TOX26119,CC(C)[N+](C)(C)CC(O)COc1cccc2ccccc12
TOX26110,Nc1ccc(S(=O)(=O)NCc2ccccc2)cc1
TOX26117,C[N+](C)(C)CCOC(=O)C(O)(c1ccccc1)c1ccccc1
TOX27579,CC/C=C\CCOC(=O)CC
TOX493,CO[PH](=O)OC
TOX27574,C=CC(C)(CCC=C(C)C)OC(=O)CC
TOX27576,CN1C(=O)CC[C@H]1c1cccnc1
TOX27570,C[C@H]1C[C@@H](O)CC(C)(C)C1
TOX7282,ClP(Cl)c1ccccc1
TOX8010,CCOC(=O)CC([O-])C(=O)OCC
TOX21668,c1ccc(CCc2ccccc2)cc1
TOX5572,COC(=O)c1ccccc1
TOX5574,Cc1ccc(CO)cc1
TOX5577,C/C=C(/C)C#N
TOX14698,CCCCC(CC)COC(=O)COc1ccc(Cl)cc1C
TOX27795,CN(C)CC[C@@H](c1ccc(Br)cc1)c1ccccn1
TOX27799,CC1NCCOC1c1ccccc1
TOX9302,CCCCCC(CO)CCC
TOX6171,Cc1cccc2[nH]nnc12
TOX6175,C=CCn1c(=O)n(CC=C)c(=O)n(CC=C)c1=O
TOX6178,O=c1nc([O-])n(Cl)c(=O)n1Cl
TOX5141,O=C(NCO)NCO
TOX5143,Cc1cccc(O)c1C
TOX5145,Cc1ccc(C)c(O)c1
TOX5148,Cc1cc(C)cc(O)c1
TOX28964,Nc1cc(=O)nc(N)[nH]1
TOX28965,Nc1c[n+](N2CCOCC2)no1
TOX10060,CC(C)(Cl)Cl
TOX4761,Nc1cccc(Cl)c1
TOX2084,CCOc1ccc(N)c([N+](=O)[O-])c1
TOX25940,CCCc1cc(C(N)=S)ccn1
TOX2089,CC(=O)Nc1cccc(O)c1
TOX7229,CN(C)C
TOX7228,C=CCCC#N
TOX7223,CCCCOC(=O)CC
TOX3938,CCCCOC(=O)COC(=O)c1ccccc1C(=O)OCCCC
TOX3936,CCSC(=O)N(CC(C)C)CC(C)C
TOX3427,NC1=NC(=O)C(c2ccccc2)O1
TOX1685,CC1=CC(=O)CC(C)(C)C1=O
TOX1683,O=C(O)CCCCCCCCCCCC(=O)O
TOX7364,CCCCCCCC(=O)N(C)C
TOX13701,CN(C)CCCCCCN(C)C
TOX24541,CC1=CC(C)C(C=O)C(C)C1
TOX24543,O=S(=O)([O-])c1ccc2cc(O)c(S(=O)(=O)[O-])cc2c1
TOX1976,OCCOc1ccccc1
TOX25496,CN(C/C=C/c1ccccc1)Cc1cccc2ccccc12
TOX256,C=C(C)[C@H]1CC=C(C)C(=O)C1
TOX250,ClC(Cl)(Cl)Cl
TOX252,CCC(Br)(CC)C(=O)NC(N)=O
TOX528,Cc1c([N+](=O)[O-])cccc1[N+](=O)[O-]
TOX529,Cc1ccc([N+](=O)[O-])cc1[N+](=O)[O-]
TOX2785,CC1=C(C(=O)O)N2C(=O)[C@@H](NC(=O)[C@H](N)C3=CCC=CC3)[C@H]2SC1
TOX21329,CCCCC(CC)COC(=O)COc1cc(Cl)c(Cl)cc1Cl
TOX21328,CCCCOCCOC(=O)COc1cc(Cl)c(Cl)cc1Cl
TOX21327,O=C(O)c1cccnc1C(=O)O
TOX21321,CC(O)C(C)O
TOX29132,CCCC[N+]1(C)CCCC1.F[B-](F)(F)F
TOX29130,CCOS(=O)(=O)[O-].CCn1cc[n+](C)c1
TOX29137,CCn1cc[n+](C)c1
TOX29134,O=[N+]([O-])c1ccc(F)c(Cl)c1
TOX29135,CC[n+]1ccccc1.F[B-](F)(F)F
TOX21490,C/C=C(\C)C(C)=O
TOX21492,CCCC(CC)c1ccccc1
TOX6564,CCCCC(CC)C(=O)OCCOCCOCCOC(=O)C(CC)CCCC
TOX5963,CCCSC(=O)Cl
TOX26560,FC(F)(F)C(F)(F)C(F)(F)C(F)(F)C(F)(F)C(F)(F)C(F)(F)C(F)(F)Br
TOX26561,NCc1ccccc1Sc1ccccc1CO
TOX26567,CC(=O)Oc1ccc(C)cc1
TOX26130,CNc1c2c(nn1C)CCCC2
TOX21540,O=C(O)c1cc(C(=O)O)cc([N+](=O)[O-])c1
TOX27680,CC(=O)c1sc(C)nc1C
TOX27681,CCC(=O)C(=O)CC
TOX1307,ClC=CCCl
TOX1305,O=c1[nH]c(=O)n(C2CCCO2)cc1F
TOX21861,CCOP(O)OCC
TOX24953,OCCc1ccncc1
TOX6091,FC(Cl)(Cl)C(F)(Cl)Cl
TOX2658,NS(=O)(=O)c1cc2c(cc1Cl)N=C(CSCc1ccccc1)NS2(=O)=O
TOX5688,C1COCCN1
TOX25790,CN1Cc2c(N)cccc2C(c2ccccc2)C1
TOX25794,CC(C)NCC(O)COc1ccc(COCCOC(C)C)cc1.CC(C)NCC(O)COc1ccc(COCCOC(C)C)cc1
TOX14287,CCCCCCCC1CCC(=O)O1
TOX14282,O=C(O)COc1ccc(Cl)cc1
TOX12622,Cc1cc(=O)[nH]o1
TOX25576,COc1ccc2cc([C@H](C)C(=O)[O-])ccc2c1
TOX16288,CCCCCCCCCCC(CO)CCCCCCCC
TOX3745,OC1OC[C@@H](O)[C@H](O)[C@H]1O
TOX3747,Nc1ccn([C@H]2CC[C@@H](CO)O2)c(=O)n1
TOX3749,CC(=O)N[C@@H]1[C@@H](NC(=N)N)C=C(C(=O)O)O[C@H]1[C@H](O)[C@H](O)CO
TOX4978,O=C(O)c1cc(Cl)ccc1Cl
TOX4979,O=C(O)c1c(Cl)cccc1Cl
TOX26179,COc1nccnc1NS(=O)(=O)c1ccc(N)cc1
TOX29307,CCCCCCCCCBr
TOX29306,CC[N+]1(C)CCCC1
TOX29300,CCn1cc[n+](C)c1
TOX29303,O=S(=O)(Cl)c1c(Cl)cccc1Cl
TOX27552,CCCCCCOC(=O)CCCCC
TOX27556,CC=C(C)C(=O)OCCC(C)CCC=C(C)C
TOX27554,CC/C=C\CCOC(=O)c1ccccc1
TOX27558,C=C(C)C(=O)OCCC(F)(F)C(F)(F)C(F)(F)C(F)(F)C(F)(F)C(F)(F)F
TOX27559,CCCCCCOC(=O)CCC
TOX26798,CC(C)(C)NCC(O)c1cc(Cl)c(N)c(C(F)(F)F)c1
TOX9679,Cl[Sn](Cl)(Cl)Cl
TOX25296,NCc1ccc(S(N)(=O)=O)cc1
TOX9671,CC(O)(P(=O)([O-])O)P(=O)([O-])O
TOX9677,O=[Si]=O
TOX24909,CO[Si](C)(OC)c1ccccc1
TOX20795,Cc1ccc(S(=O)(=O)[N-]Cl)cc1
TOX5167,O=[N+]([O-])c1cc([N+](=O)[O-])c2ccc(S(=O)(=O)O)cc2c1O
TOX22335,CCCCOC(=O)[C@H](C)O
TOX22338,CC(COC(C)(C)C)OCCCO
TOX20245,OC[C@H]1O[C@H](O[C@]2(CCl)O[C@H](CCl)[C@@H](O)[C@@H]2O)[C@H](O)[C@@H](O)[C@H]1Cl
TOX2524,O=C1CCC(N2C(=O)c3ccccc3C2=O)C(=O)N1
TOX1519,CCCCOCCOCCO
TOX1517,O=C(O)/C=C\C(=O)O
TOX1516,CCC(C)=O
TOX1515,CCCC(=O)O
TOX1513,CCCC=O
TOX7201,CCC(=O)OC
TOX7200,c1cc(-c2ccncc2)ccn1
TOX7205,C[Si]1(C)O[Si](C)(C)O[Si](C)(C)O[Si](C)(C)O1
TOX7204,CN=C=S
TOX7206,CC(C)=CCO
TOX3917,ClCCOCOCCCl
TOX24561,CC(NC(C)(C)C)C(=O)c1cccc(Cl)c1
TOX25963,COc1cc(OC)cc(OC)c1
TOX501,CCC(=O)C(CC(C)N(C)C)(c1ccccc1)c1ccccc1
TOX504,Cc1c(N(C)C)c(=O)n(-c2ccccc2)n1C
TOX507,CN(C)c1ccccc1
TOX509,CC1(C)C(=O)NC(=O)NC1=O
TOX21302,C=C(C)C(=O)OCCOC1CC2CC1C1C=CCC21
TOX3007,CCN(CC)C(=O)c1ccc(O)c(OC)c1
TOX28526,CC(=O)OC(C)OC(=O)C(C)c1ccc(-c2ccccc2)c(F)c1
TOX25210,CCN(CC)CCNC(=O)c1cc(S(C)(=O)=O)ccc1OC
TOX26096,CN(C)CCc1ccc(O)cc1
TOX26090,c1cc2c(c(N3CCNCC3)c1)OCCO2
TOX26093,O=c1[nH]c2cc(C(F)(F)F)c(N3CCOCC3)cc2n(CP(=O)(O)O)c1=O
TOX26321,C=CCN1CCc2nc(N)sc2CC1
TOX20295,CCCOC(=O)NCCCN(C)C
TOX15186,CC1=CC(=O)CCC1
TOX7588,O=C=NC1CCC(CC2CCC(N=C=O)CC2)CC1
TOX7857,CC(C)C(=O)OCC(C)(C)C(O)C(C)C
TOX7852,Cc1cccc(Cl)c1
TOX7581,C1=CCCC=CCCC=CCC1
TOX4176,C=C(C)C#N
TOX4177,COP(N)(=O)SC
TOX4174,CCCCSP(=O)(SCCCC)SCCCC
TOX4175,COCC(=O)N(c1c(C)cccc1C)C(C)C(=O)OC
TOX4170,C[N+]1(C)CCCCC1
TOX17580,CNC(=O)CSP(=O)(OC)OC
TOX27057,CCOC(=O)CC(C)C
TOX27056,CCCCCCCCCCCCN(CCCCCCCCCCCC)CCCCCCCCCCCC
TOX24972,C=C(C)C(=O)OCCCCCCCCCCOC(=O)C(=C)C
TOX24791,CCC(=O)OCc1ccccc1
TOX24976,C=CCOCC(CC)(CO)COCC=C
TOX24979,NS(=O)(=O)c1ccccc1Cl
TOX24799,CC(C)(C)C1CCCCC1O
TOX2982,CCOC(=O)[C@H](CCc1ccccc1)N[C@@H](C)C(=O)N1CCC[C@H]1C(=O)O
TOX311,CN(C)C(=O)Nc1ccc(Cl)cc1
TOX7558,Cc1ccc(S(=O)(=O)N=C=O)cc1
TOX1726,NC(=O)c1ccccc1O
TOX25776,Cc1cn[nH]c1
TOX2188,CCCCCCCCCCCC#N
TOX2187,Cc1ccc(C)c(O)c1C
TOX2180,CC(C)[C@@H]1CC[C@@H](C)C[C@H]1O
TOX12354,C#CCOC(=O)[C@@H](C)Oc1ccc(Oc2ncc(Cl)cc2F)cc1
TOX25515,CN(C)C(=O)Oc1cc(OC(=O)N(C)C)cc(C(O)CNC(C)(C)C)c1
TOX25513,CC(=O)SC[C@@H](Cc1ccccc1)C(=O)NCC(=O)OCc1ccccc1
TOX3587,O=C1NC(=O)[C@@]2(CCOc3ccc(F)cc32)N1
TOX3588,OC[C@H](O)[C@@H](O)[C@H](O)[C@H](O)CO
TOX7076,CCCCCCCCCCCCOS(=O)(=O)O.OCCN(CCO)CCO
TOX7072,[O-]c1ccccc1
TOX4918,C=CCNCC=C
TOX4916,C=CC(=O)NC(C)(C)CC(C)=O
TOX4917,CC(=O)CC(C)(C)O
TOX17207,O=C([O-])C(Cl)Cl
TOX21512,NC(=O)Nc1ccc(Cl)cc1
TOX21514,CCCCC/C=C\CCC=O
TOX21517,CC1=C(O)C(=O)C(C)O1
TOX21518,COc1ccc(CCO)cc1
TOX21519,CCCC(C)C(O)CC
TOX26153,NS(=O)(=O)c1ccc(Cl)c(S(N)(=O)=O)c1
TOX27203,CCC(=O)OCCOc1ccccc1
TOX27201,COc1cc(C=O)ccc1OC(=O)C(C)C
TOX6842,CCCCCCCCCC(=O)OC
TOX10588,CNCC(O)c1ccc(O)cc1
TOX292,O=CCCl
TOX20001,COC(=O)c1ccccc1C(=O)O
TOX25342,CC(=O)OCC1=C(C(=O)O)N2C(=O)[C@@H](N)[C@H]2SC1
TOX1530,O=C1CCCCC1Cl
TOX4721,CC1(C)[C@@H]2CC[C@@]1(C)C(=O)C2
TOX4726,NC(N)=O.OO
TOX4724,CCCCCCCC(=O)Cl
TOX7262,c1ccncc1
TOX7267,CCCCCCCCCCCCCC
TOX7266,CCCCCCCCCCCCC
TOX7268,CCCCCCCCCCCCCCC
TOX3973,CSc1ccc(Cl)cc1
TOX3977,Cc1ccccc1Cl
TOX3974,CS(=O)(=O)c1ccc(Cl)cc1
TOX24580,C=CCOCC(CO)(COCC=C)COCC=C
TOX24584,C#CCN(C)[C@H](C)Cc1ccccc1
TOX298,Clc1ccccc1
TOX3393,Cc1nccn1CC1CCc2c(c3ccccc3n2C)C1=O
TOX562,FC(F)OC(F)(F)C(F)Cl
TOX566,ClCC1CO1
TOX25188,c1cnc(N2CCN(Cc3ccc4c(c3)OCO4)CC2)nc1
